Well_ID,Formation,GR_API,NPHI_frac,RHOB_gcc,RT_ohmm,SW_frac
Well_C,Shale_Cap,115.43056808173762,0.3914516556271232,2.27798710873172,2.126344579302568,0.9717075920116797
Well_D,Shale_Cap,127.39706946330215,0.3811926073984035,2.2370612644458885,4.836242077803666,0.9632259860869912
Well_A,Shale_Cap,127.16154576022186,0.3927034360336394,2.2709910543063865,2.3204593855387006,0.9663261652878685
Well_C,Basement,138.7885887306366,0.06317394065634326,2.6659279881407723,1257.0864560664702,0.038614661711791495
Well_C,Reservoir_2,40.67981901582625,0.23395821566925296,2.426971639927711,782.0452902938669,0.16630567848296532
Well_D,Basement,139.09668499567408,0.055228354880355,2.6427889998818426,1442.8369979507884,0.029891742987188337
Well_A,Reservoir_2,40.637715850503554,0.23872647339348066,2.440760069563364,425.7574989924469,0.22162738909175497
Well_A,Basement,142.72018796030957,0.047426234625766554,2.6099424777836724,1631.4452548675424,0.04363014418597848
Well_C,Basement,139.10088122620377,0.06573986763290032,2.62322703010993,1738.884607362452,0.0024065514847489487
Well_B,Transition,66.28500095832143,0.30448903637119945,2.381412949078365,34.22877051001485,0.5815360724581191
Well_C,Basement,148.47208500058778,0.04961491530499293,2.6548211810017754,1099.1450175115465,0.03554101971560173
Well_C,Reservoir_1,47.30195962492003,0.2395308069945179,2.437601827082949,350.60938582797303,0.20578812221527118
Well_C,Transition,81.95224149026191,0.30521347531647813,2.3334908453846377,53.941618479540665,0.5053367733793286
Well_C,Basement,137.97025979237168,0.04974445929008555,2.6951818705777812,1072.5079669628594,0.05224499407635068
Well_D,Shale_Cap,126.17358968518676,0.3230291475873985,2.272975314007442,2.654095490340091,0.9008405997647289
Well_A,Reservoir_1,31.5617173273314,0.18410637048558187,2.4332165357475706,361.10301267851617,0.20570483928620198
Well_D,Reservoir_1,41.7184765267249,0.21954081654446242,2.4115364378212054,247.62082587213445,0.28946600390591315
Well_D,Reservoir_1,34.30204665486858,0.17886836202680498,2.401437696780682,320.4576965170478,0.2748132660262535
Well_D,Transition,75.21078292473713,0.2930148459136314,2.340350948463479,49.23430661186029,0.5927938214130074
Well_C,Basement,154.46048790136504,0.06030283454031843,2.6671636747707956,1035.2570890330915,0.006715177163863673
Well_B,Basement,141.57039244351563,0.04962777763490159,2.6818288863091095,885.4091866016587,0.007326594840601608
Well_A,Shale_Cap,120.4155670864584,0.3946528015443116,2.2483856683978285,3.264624419907002,0.915940525129491
Well_B,Shale_Cap,127.33062139761985,0.3869297695179599,2.269960202197193,3.9553863210276807,0.9366923534809936
Well_D,Reservoir_1,24.622467730837865,0.23216365633475033,2.3892018814574896,212.48189755196657,0.2708118919989901
Well_D,Shale_Cap,115.00984831443355,0.4182806270773357,2.246186351984733,4.7705038089046585,0.9589549876542544
Well_B,Transition,79.73946298543778,0.3030083781028715,2.360948830073987,36.39546626831181,0.5664986136281699
Well_B,Basement,143.2065942802898,0.060506543960076126,2.6931657779887397,1044.1076371579454,0.03953312821395943
Well_B,Reservoir_1,49.12218183336228,0.2426686306460219,2.3870730921396266,187.7141878800776,0.26894143655236435
Well_D,Shale_Cap,119.48689322725606,0.3865752482060696,2.2564271443090056,4.268065043946671,0.9459983972026724
Well_D,Transition,81.37536603388227,0.295116867294187,2.378922615048651,30.10022697783983,0.5734630739789018
Well_A,Transition,82.77920055879886,0.31402345484621796,2.3410730948992002,48.2598659984758,0.4968292677518852
Well_A,Shale_Cap,131.00565450649296,0.37653856351432263,2.2503115809516294,3.298343319601081,0.8976399995332817
Well_D,Basement,151.56703037934983,0.041530386516816724,2.630258229516311,1063.7897177868947,0.022395107497760403
Well_B,Shale_Cap,102.77287909117028,0.4128403032027274,2.2701963417868525,4.4779613840384584,0.9102542256940744
Well_B,Reservoir_1,47.89059292194956,0.20350337232982754,2.3600118857025287,166.66693710967328,0.23094973931513876
Well_A,Shale_Cap,138.32754058072592,0.35220855066472806,2.2170920250608623,4.32068947690933,0.9193683310744942
Well_D,Transition,89.07418254808414,0.31127818240104715,2.3678426302499584,53.354376750332584,0.4825525615746906
Well_A,Shale_Cap,126.82732447024246,0.3951785717957353,2.2556238284793877,2.973929186305197,0.9705144908235198
Well_A,Basement,137.47621246679995,0.047193249231332265,2.6092112955741387,1106.3856117657306,0.018437397895577193
Well_C,Reservoir_2,31.50830186602625,0.23359788302306958,2.467840045726892,484.99308055268193,0.21324005399731022
Well_C,Shale_Cap,112.0829749074373,0.3988154237597643,2.230350252129234,2.7245973981387213,0.9385453210154477
Well_C,Basement,140.65220110001786,0.0510537550614596,2.619979235152454,1488.1416355501894,0.00641261538568463
Well_B,Basement,132.44203759880997,0.05440474737960399,2.6594108660321996,1575.3932947976423,0.033013592529375704
Well_D,Transition,82.41991963533718,0.30250449005295815,2.3371178337662424,53.20192366164631,0.5642256548204864
Well_D,Basement,142.2931604219542,0.05040591691203883,2.6389402493657976,1399.8828899658924,0.02466170818840228
Well_D,Basement,138.02259449469432,0.037561367646087154,2.639212844066123,1552.4729637194755,0.016488362132888165
Well_D,Basement,140.23030193024783,0.06247742072673734,2.639795281272684,1411.4733922089158,0.027106060724233747
Well_C,Basement,143.6739649733428,0.03812401580970488,2.669294621306811,1513.186370449764,0.05176782465259371
Well_B,Reservoir_1,40.88827404673375,0.20740358600533146,2.4108762294395825,317.844449383083,0.2556036895256884
Well_B,Reservoir_1,41.11798799022907,0.1988501642998433,2.3826039404084187,314.563847148405,0.24961202306310032
Well_C,Transition,71.57060345624215,0.33278233610888136,2.4003310244222935,43.62013759900168,0.6187758391183064
Well_B,Shale_Cap,115.57129406633604,0.3913796615837055,2.282567932462571,3.0966426662392235,0.8603245179685682
Well_C,Basement,138.50991451630813,0.03985243269307133,2.6405216736480197,912.4814584714841,0.031143587454496222
Well_D,Shale_Cap,110.20847786590195,0.384675718235815,2.2188820870759276,5.5203163502458334,0.9346140579761353
Well_C,Shale_Cap,104.05011485942836,0.38748113139695145,2.2745533798494657,5.97655744488467,0.9360390946804192
Well_D,Transition,68.32287185047036,0.33345144773675406,2.3625705702809814,35.212607654497575,0.48841992796410993
Well_D,Basement,145.34996147513033,0.050760053914124116,2.676162679773391,1030.840319793151,0.03214966106838488
Well_A,Basement,136.4759584415238,0.048887739386513,2.6328827707560563,1530.5469960057214,0.020854291454338925
Well_C,Reservoir_2,37.45655060297135,0.24218276241814354,2.418153744706548,846.0162561439389,0.25124011615091546
Well_A,Shale_Cap,117.46873240244159,0.40426195399958365,2.252834338272798,4.083831909088168,0.9310661394403588
Well_C,Shale_Cap,121.53639293192025,0.37381767071594996,2.2526708180956456,5.128112350681544,0.942136810706587
Well_C,Reservoir_1,41.08518098171674,0.194280210789841,2.3833753409288447,182.78711415859803,0.3024349387637275
Well_A,Reservoir_2,22.818973134483517,0.24015982653825088,2.4179326678765225,638.3149966811272,0.20188153132357975
Well_A,Reservoir_1,29.082656442285103,0.20987858176920213,2.426769815489033,417.9610838540613,0.29217099492941145
Well_C,Reservoir_1,42.49097615128539,0.20802220693617715,2.4283815296597555,385.69473942793707,0.2867110480141145
Well_B,Reservoir_1,40.25835273486809,0.19663819092713902,2.4298408469907304,181.03901359332556,0.23835762145181938
Well_D,Transition,82.29207874856323,0.28203064036417924,2.350845434721074,41.71596686177729,0.5951472789088106
Well_A,Transition,77.92704802684638,0.2994994608250971,2.3745329889760085,40.43135869678616,0.5870733721264194
Well_D,Reservoir_1,42.06211571906028,0.1837632753529968,2.3886977267384926,255.55894979579818,0.19818067712625922
Well_B,Reservoir_2,30.47387647822666,0.23113299849794217,2.4505938550871345,831.8857454112066,0.19189974539961585
Well_B,Shale_Cap,120.51579531848097,0.34049066867292255,2.2312132921236247,4.563305258760825,0.8780849637262479
Well_B,Reservoir_2,31.279562221391924,0.260615016646874,2.4643752370339462,400.5731721581835,0.1473619552532802
Well_A,Basement,140.71934277441875,0.06490726136849953,2.6644600237160634,1735.3110327370723,0.014350806252955536
Well_B,Transition,75.30331223105568,0.2877319467291812,2.3409259094053563,43.609969642682884,0.4887208517382088
Well_A,Shale_Cap,121.28459184839892,0.38006092040306827,2.258738763394927,3.2250144831464467,0.931106458717913
Well_B,Shale_Cap,129.52517019829074,0.3289215773019609,2.2686863982247853,2.522841506960798,0.9652585479812607
Well_D,Basement,133.79872780950748,0.04775234598107317,2.6248966092182195,1594.7841060101869,0.04401686283368412
Well_D,Basement,131.1881173745199,0.04423489599273281,2.582268731235653,867.273049140751,0.015588792524702053
Well_C,Reservoir_1,38.722533310485105,0.21783608010805092,2.3804217686245175,163.15140140741224,0.21894417491194498
Well_D,Transition,79.46687935823324,0.2996938030165401,2.3673787449880326,22.06023935106763,0.556714328456317
Well_C,Transition,87.57257201331593,0.2968294085394606,2.349180863814702,23.551800593677417,0.5254546297646083
Well_D,Reservoir_2,27.333660204634022,0.22654107880153154,2.474234169602847,519.2207911272577,0.18733715342840424
Well_A,Reservoir_1,50.82702196496165,0.20581352645696266,2.3966185452268016,338.91502358250096,0.24251237488664704
Well_D,Reservoir_1,48.23942812437646,0.22355851742678537,2.400241771837086,169.9908507302045,0.2982114390562508
Well_C,Reservoir_1,54.943849279593024,0.19788570153993323,2.4248419074401864,325.5341173634739,0.26367203017120744
Well_C,Reservoir_1,43.79575548243895,0.2106400829813153,2.3949316425930767,199.04394021243084,0.27849205224657825
Well_B,Transition,94.10709798021298,0.30273070662165474,2.339040353460637,20.63649892731457,0.48169518653288423
Well_A,Transition,79.47744244691927,0.27305747420940607,2.3208515788446804,30.939019500596434,0.5884514943653655
Well_D,Reservoir_1,35.71853410390836,0.22073305505054572,2.43371408309326,228.91207136450106,0.19251339532370954
Well_B,Reservoir_2,35.594766553325336,0.24992095371611633,2.424864098228611,651.0716914927598,0.1858327567583475
Well_D,Shale_Cap,117.41856128926291,0.37498333967089903,2.276563882836981,4.575617014164523,0.9189392773223906
Well_D,Shale_Cap,124.44984007520527,0.3671296353923971,2.268556802561625,5.919881317435403,0.9282446066527219
Well_B,Reservoir_2,39.64234213206266,0.24015671512579248,2.4507659215809925,387.890745574086,0.18059210071933982
Well_B,Reservoir_1,48.435044023858815,0.18910381611957933,2.37067286821248,274.2452973205576,0.2635527498993431
Well_B,Transition,76.22997101131382,0.2944637340022216,2.359222200934273,28.578551201848924,0.5942325714556064
Well_B,Shale_Cap,126.52589770031437,0.3766575657242718,2.255651599009766,5.020167714985114,0.9098701346456382
Well_B,Basement,144.9458497098295,0.057348777860498176,2.6798864380600227,1009.6858925227361,0.0327016151338163
Well_D,Basement,149.04084314491195,0.05399687951752642,2.6404592931862454,1586.0067968712506,0.012810681978640314
Well_B,Reservoir_2,38.19141535716818,0.23042543153472125,2.446176660251979,632.8842759431496,0.2010032656299536
Well_A,Reservoir_1,52.213289667811424,0.22131019291263088,2.3747847448168837,339.1101785330236,0.2947987499032969
Well_C,Shale_Cap,130.31802203266196,0.39346362702539917,2.2472308803203247,2.037326479308373,0.882068252387811
Well_B,Reservoir_1,34.65421058226381,0.20581953485427948,2.392989590915814,368.0184518617815,0.21448427615546786
Well_B,Shale_Cap,133.35923603481126,0.38789343059645964,2.2260823387592965,3.4215382747429577,0.9518929319831017
Well_D,Reservoir_2,34.2230133411007,0.22731965666654166,2.440293763894584,723.3251028148898,0.1442373625928287
Well_B,Reservoir_2,28.075508434588798,0.2429656086768772,2.437581037027844,493.2737566591819,0.15786656603989338
Well_B,Basement,144.51719466344215,0.057223813578277716,2.648815005437247,1746.7009038645226,0.0220985718304109
Well_B,Reservoir_1,52.36178310740043,0.20200727628770795,2.4144936945150377,261.7966815262356,0.23951462090183484
Well_D,Basement,147.59554499123854,0.03474343685429905,2.697877523102816,1564.777598149376,0.005579438389387929
Well_B,Reservoir_1,38.68885112464532,0.261163985713365,2.3987150480268524,310.79578473131414,0.25737815055514285
Well_C,Basement,143.1073078191822,0.07061503576636398,2.6962509869177946,1458.821143503726,0.048299339980846186
Well_D,Transition,84.2268886093331,0.2889762856734293,2.325454033497331,20.166384382027232,0.5267933646174485
Well_C,Transition,77.97300434071238,0.3139277489491343,2.3786591562571155,47.17875369287904,0.5524176679018253
Well_D,Transition,68.86648708693195,0.2961268108144056,2.328495330381916,21.278215898145838,0.5108856733795696
Well_B,Transition,63.06770706341552,0.3302689948648426,2.3689243505366435,54.93885792153914,0.6106358663880981
Well_C,Shale_Cap,111.80650540536637,0.4170818513266838,2.274420673910507,2.4733447636935493,0.9032876356605175
Well_D,Transition,82.65678162774893,0.29255586447857895,2.382662458591126,39.1592740354059,0.5622877105207077
Well_A,Reservoir_2,29.55575289106863,0.2076076513342198,2.442817724938224,478.3245540020497,0.25288150941384085
Well_B,Reservoir_2,23.157803172185744,0.22067926996263518,2.408105938654664,782.5470327568389,0.24103202801501705
Well_D,Shale_Cap,124.10880085255774,0.36934598320676176,2.2266016632857943,2.533919889663775,0.8604781967884262
Well_A,Transition,55.021902293746805,0.2994497018989873,2.4031675479000922,34.16347599676165,0.5821311520113355
Well_D,Transition,73.18230351710575,0.3093754851215005,2.3200484368243512,45.80087818307469,0.5719737218773995
Well_A,Transition,80.41433519855573,0.29799691847040094,2.343889787494691,27.68311029822852,0.51457703187008
Well_B,Basement,140.64112664859084,0.05367365506816178,2.6874075387869976,1254.765858205486,0.04660263341731087
Well_C,Reservoir_1,37.18092629591793,0.20957265411303128,2.3950557664170438,168.73953604765347,0.19751838441464253
Well_A,Basement,127.45455843836235,0.0588404539636105,2.6821053169127733,869.6410570979406,0.039827381170535345
Well_D,Reservoir_1,40.31203465729072,0.21133981434449742,2.420318784354082,403.5738401286039,0.19627094551432286
Well_B,Transition,65.49963314490766,0.2894189464530741,2.373827940388655,25.329612412110386,0.5591462356400254
Well_A,Transition,67.96568461464601,0.30932859964867054,2.3489307555310757,40.51550908976927,0.5289308920921546
Well_D,Basement,137.5924505392117,0.04189747562985619,2.6660170759169284,1321.0518202369299,0.006886132312153048
Well_D,Basement,148.8918240965723,0.05428816500330573,2.6807931682178943,910.9015257100015,0.04247010583378612
Well_D,Reservoir_1,37.03445867610768,0.21172287766092748,2.388557219760288,203.1013804424517,0.30348377764003387
Well_A,Reservoir_2,17.393247582526964,0.23873119608315335,2.458078696821724,565.0166473303218,0.18941186499014104
Well_A,Reservoir_1,45.714925566031184,0.251149909394234,2.410415874153508,369.66494048053823,0.24510878531163496
Well_A,Basement,137.6319823526252,0.04354035820875465,2.6360242398004927,998.2357180890663,0.019812903892289853
Well_C,Basement,142.73602189596878,0.0662467845846956,2.669692378193481,1641.6236694563763,0.052234705502760416
Well_A,Shale_Cap,117.9811719829897,0.37416377462168915,2.218736183826067,5.9399586245635,0.9503616219202987
Well_A,Basement,147.29865866288296,0.04922162802987198,2.6545856025922814,944.9263299609676,0.03940680628345764
Well_A,Shale_Cap,145.5448605427589,0.37147284807588915,2.2729689141839353,5.10244740370131,0.9753819650071055
Well_C,Reservoir_2,32.56635205268882,0.20123444043365268,2.458384578691504,626.1244839170135,0.21614989010603647
Well_A,Reservoir_1,37.991135486766034,0.20105356208682496,2.4356203272347026,397.92341778583125,0.2539634640695368
Well_D,Reservoir_1,44.90839690376685,0.19307286690018252,2.3971290033536508,382.8666068196758,0.29873719057189196
Well_A,Shale_Cap,128.2396865406493,0.3733044933578692,2.24192703073516,2.7368993569521045,0.9662186623010232
Well_D,Reservoir_1,36.269264523903885,0.2184719813118692,2.451250498384863,181.70066209723967,0.29588996420888064
Well_D,Basement,135.59480251447437,0.050242194566727585,2.702366616662463,1720.4139537332535,0.02506565875650598
Well_D,Transition,69.50085177482497,0.30856614194415294,2.3443856720498637,24.002636013951737,0.48176505279660625
Well_C,Shale_Cap,127.8858399654389,0.403747721031295,2.301791272840372,4.877414489476634,0.9657335468923143
Well_C,Reservoir_1,43.16630580946401,0.20293667414378622,2.416769676869234,372.9565136040306,0.25489525059826534
Well_C,Shale_Cap,117.63678871888777,0.35986914869440717,2.272797571222581,3.8846715957312585,0.9568127967023613
Well_A,Shale_Cap,103.02516080793124,0.3678435602581114,2.2759398909312223,3.340832189483491,0.8725890071076466
Well_D,Transition,77.81705550160895,0.3168124005300911,2.3664020070460414,21.723586705370735,0.5135823757858322
Well_C,Basement,139.64945110573706,0.04077589815501498,2.7084612706840834,1436.0328263935066,0.03725571404870587
Well_C,Shale_Cap,117.42143624630928,0.3999662179629592,2.241367593745639,3.8851486695926583,0.97728364194197
Well_A,Reservoir_1,36.57778883561923,0.21648718563443206,2.386419204176804,338.44507113838534,0.19835693777948868
Well_C,Reservoir_2,37.93839694230782,0.23566575743092286,2.434821900525918,440.40516522246287,0.24044493502915282
Well_A,Shale_Cap,126.97037837965796,0.35308040639506505,2.2525275915909284,3.221242706786925,0.8776437689282425
Well_B,Shale_Cap,135.51143199246627,0.3902781569931783,2.253591635638792,5.484817929052208,0.9495884209495893
Well_C,Transition,83.07777174849416,0.3221939968391245,2.3622945597078555,42.81709554051586,0.5584616883372616
Well_B,Basement,140.55245407228875,0.048673662536174264,2.630764120859881,1264.3224440817337,0.0518738165713602
Well_A,Reservoir_2,21.13665226992982,0.24694843354300844,2.4292934362809215,712.1491840064731,0.25016918626389806
Well_D,Reservoir_1,41.45680030617503,0.22418903634278078,2.401290272588603,235.97673992009342,0.2992924193972698
Well_C,Reservoir_2,35.694052404437514,0.24230734968026107,2.421291225959108,759.5791723751888,0.1737825438097916
Well_A,Reservoir_1,48.51589269705019,0.2173457462680268,2.4467636735359024,185.09896225081462,0.21902725939106069
Well_D,Basement,141.8834823646736,0.04696820217165725,2.6839982570582617,1117.5140269377555,0.01799514669041908
Well_D,Reservoir_1,32.302136349380476,0.2290061518394715,2.4442122674516384,391.99864951630957,0.21223962154344572
Well_B,Transition,77.16440625170023,0.2966235655361998,2.3521015648933954,20.354713643605766,0.5963922920139993
Well_A,Transition,87.29502642086553,0.2814529373161885,2.3571510694820437,21.47271953846418,0.6073477547211229
Well_D,Transition,85.80158103825944,0.3100218833987969,2.3556874484979624,37.14551501493653,0.5402598374449387
Well_C,Transition,86.00836874053712,0.28691848633745154,2.2950810130943062,46.63354726201578,0.5642692803421184
Well_C,Reservoir_2,31.31275742686154,0.2490574909440588,2.472245565159773,633.5994960223525,0.22431605277026195
Well_B,Basement,149.88948672150428,0.05075433638901593,2.6119410256430853,943.8023225275128,0.023070679658688753
Well_D,Reservoir_1,55.02565630498688,0.20648228375135325,2.41246409613569,353.33441820590554,0.25075192713942435
Well_A,Reservoir_1,45.308912256242806,0.19754701276531095,2.413892149104745,226.14181101888022,0.23342237118461664
Well_C,Transition,73.10584727275771,0.29925926405903175,2.3371209332644822,53.94670956333887,0.5263885809944271
Well_D,Transition,72.46063216100916,0.27187365072656333,2.3475068328211393,40.59886262980342,0.5192956501722363
Well_D,Shale_Cap,120.65951802347602,0.35084897001070137,2.243815818459003,5.210342718319252,0.9243663236380091
Well_B,Basement,137.4870615664565,0.031248275303542558,2.6634507823744227,1688.5783474895347,0.0238209024742315
Well_C,Reservoir_2,33.06598314118845,0.21496061336522362,2.4336189212866675,588.9283275204386,0.2449067029622211
Well_C,Reservoir_1,37.22384485917907,0.24802381371506013,2.408786783723708,418.1323781397583,0.2057786943877578
Well_A,Shale_Cap,114.3327458647163,0.34972571214774345,2.2139372064748812,5.63044401022622,0.9428242437806913
Well_C,Shale_Cap,107.32691245595608,0.3483761859593573,2.2679007662815223,5.295161536885178,0.9741578664930486
Well_A,Reservoir_1,39.101633689899366,0.21293586023971098,2.442244412565109,189.76678589713532,0.23606066596539754
Well_C,Reservoir_2,36.48419657932766,0.18696369197341392,2.4256169336151516,384.1432502571523,0.19027373482249707
Well_B,Shale_Cap,118.94994426326156,0.38153703765917535,2.2455028803638384,5.7669028464757,0.9369144440739788
Well_C,Shale_Cap,114.79997935341233,0.35819201845114307,2.2782186475949255,4.374643164834154,0.8513170539236066
Well_A,Basement,146.24928653953936,0.05233216131263502,2.6885940990173975,1501.5757499194845,0.007233504984221414
Well_A,Reservoir_2,33.43562082600912,0.20712547585358676,2.4421711941155304,326.20450368737914,0.1906441112153167
Well_B,Shale_Cap,118.97169990848856,0.34236301909004724,2.239025501845181,2.4920131804949825,0.9226235115385553
Well_C,Reservoir_2,32.46422450570557,0.255314156817294,2.42267650303571,665.714573753728,0.24147252355878884
Well_C,Reservoir_1,38.12263614093718,0.24550621785219023,2.3861272633648705,239.6415096823353,0.2846782191904952
Well_B,Transition,85.35323338888001,0.3278493060012866,2.3424986045620315,48.4296278257263,0.6000587272725797
Well_C,Shale_Cap,118.92553006823562,0.39621616546319566,2.265869774411044,3.4846896937505103,0.9281396416840303
Well_C,Basement,131.5088081605709,0.06032546204341657,2.6938011541048277,1187.0975983181092,0.01001161210192517
Well_A,Reservoir_1,35.36577198908439,0.2057015793942253,2.4038393143162855,200.1595342780642,0.1930537311886901
Well_C,Reservoir_2,35.8983026613467,0.25620617492239217,2.467913676215799,500.5202082880846,0.14860542666171814
Well_C,Reservoir_1,31.899370846674298,0.1938825986700762,2.429297032661949,254.7943693313604,0.21614710651059882
Well_B,Shale_Cap,132.92466258838584,0.37947188486082145,2.2556032231763923,4.753096943120948,0.8682718857851869
Well_B,Reservoir_2,29.63080326464542,0.22971095458243443,2.450925684960074,523.6295578824742,0.1446795215089894
Well_D,Transition,78.05137815848751,0.2982327408158933,2.338899669103536,23.92092264913818,0.483269293485946
Well_A,Reservoir_1,40.44722362399739,0.24197294341009434,2.421218388958825,190.19612965213665,0.3047102594746383
Well_C,Shale_Cap,117.63615745576672,0.3939390880902147,2.2433236102048797,4.411771505917846,0.9574719567663934
Well_C,Basement,141.35618713597464,0.05447716925810278,2.6128737154379453,1337.2668466128266,0.009248702590709226
Well_D,Reservoir_2,26.366162655450974,0.26465029998970185,2.4846260029238527,723.8079606805811,0.24003799543251028
Well_C,Reservoir_1,31.193653595083568,0.19914652400531957,2.3942443249618353,174.98837137174647,0.2310937574601656
Well_A,Reservoir_1,38.2749144104933,0.17041400379248423,2.424958205122351,310.9215762583609,0.20670360416148345
Well_D,Transition,94.59266135799979,0.28161230816827154,2.27409137431761,54.77239038928883,0.6032440667008497
Well_A,Transition,75.71196622495911,0.3220191926999714,2.4087504236266177,40.964437753509614,0.5081836950951406
Well_D,Basement,139.20813725931967,0.04894051645695865,2.7393303004105114,1054.9747624928887,0.05784173082993082
Well_D,Basement,132.98217802962907,0.05253739661494574,2.674030795152963,1330.0479658888262,0.0521981495788611
Well_B,Shale_Cap,122.46440431603281,0.3721670286515642,2.255382538824902,3.103070273005428,0.9640217755323646
Well_A,Shale_Cap,117.25446179602072,0.3875420078780437,2.2494147437263003,3.9336297438925865,0.9622611779268908
Well_C,Basement,131.3618051907587,0.06261921500713992,2.6328280309741214,1535.6183722399273,0.02319243040938167
Well_C,Basement,138.07740196810707,0.02864325786021305,2.7541324560098,1369.551126309818,0.051934628737473135
Well_A,Reservoir_2,31.725529996918567,0.23571108149715314,2.4504224485675867,623.9703442714538,0.254725657233432
Well_C,Transition,83.16172468760045,0.2960532315938535,2.3454618014903947,49.59659277735062,0.5414809743287248
Well_C,Shale_Cap,124.7484537782469,0.3211922273067144,2.2631180155305954,2.076464377719056,0.9119896508813162
Well_A,Transition,79.5578895577502,0.3224822543997203,2.378425793863686,43.62369996687299,0.498820918117137
Well_D,Transition,70.22674612366971,0.27240763670422136,2.331198483262301,25.796083663086517,0.6140427226653334
Well_A,Basement,147.17436083429655,0.05953125045376087,2.675392562602919,1115.1574567115738,0.0008589166600235986
Well_D,Reservoir_2,35.625478934239986,0.24032356574229918,2.427170368095541,719.3167987961936,0.2322707338529169
Well_C,Reservoir_1,44.59153526804364,0.23377826742949284,2.4241660769440214,379.9395743162104,0.263632493708495
Well_C,Reservoir_2,31.8673937037547,0.21236250697544565,2.4367386607211245,535.7664392365826,0.147921181296829
Well_C,Reservoir_2,28.275486775967757,0.2141516015800008,2.4338407694072193,748.3646613048877,0.2537225631157365
Well_B,Transition,62.85108266436971,0.30426587414745876,2.350036164260867,47.397075146157704,0.5789921068173377
Well_D,Reservoir_2,27.914556844659046,0.19784880271262054,2.424745504428676,443.16369121970536,0.17372053986904565
Well_B,Shale_Cap,126.63579873545399,0.3761234772245439,2.244709703173788,2.904115991263999,0.9332618854828597
Well_B,Transition,61.96910108474597,0.3011986526053266,2.3583213081387457,31.23912111220131,0.570694442438674
Well_A,Shale_Cap,95.8439027534334,0.3836769908950739,2.286010223630217,2.287103224906052,0.9387402387590423
Well_B,Reservoir_1,49.433678117636624,0.2261424519327462,2.390529076005911,373.85904653989115,0.28647502090630245
Well_A,Transition,86.48167925999104,0.35519320077822153,2.361772479015363,28.04214707652843,0.5495373591945125
Well_A,Reservoir_1,38.946218245755006,0.19610573737821882,2.401814351237738,323.6850011918515,0.19651984417874846
Well_B,Transition,71.4206405409424,0.3224206133464894,2.350006211947546,19.733520615521314,0.5186637380949259
Well_D,Basement,141.9441980731683,0.046721052834870824,2.6646557205157695,1605.404643120402,0.00022919535951498648
Well_D,Reservoir_2,36.125491323338174,0.212657395685782,2.426837670218495,510.92397696422677,0.1724471943661431
Well_D,Basement,140.17764382734,0.04523779126455341,2.6862316754213817,1560.0392245984065,0.053512328688644084
Well_D,Reservoir_1,47.105387773007834,0.20725256423201205,2.417809296998578,183.21527637664897,0.27244231198038915
Well_D,Reservoir_2,31.48389123533752,0.18122365683447142,2.4373144167562737,655.3372957367585,0.22446285099611973
Well_B,Transition,85.72317987672936,0.3247226144361243,2.352659727728843,29.027931719659396,0.4947510891151199
Well_B,Reservoir_2,32.98657853702798,0.24231542299542283,2.464077688743376,345.538586568447,0.18320605590811742
Well_C,Shale_Cap,120.00422367085278,0.3920241349785823,2.2211229036773292,2.835530896020655,0.8979319322124234
Well_D,Reservoir_2,20.51909523431381,0.2198371960470538,2.4370443936236503,726.8108431144967,0.1899805318284655
Well_B,Shale_Cap,122.61395811681857,0.38600948719221656,2.262444142880868,3.889127216651927,0.964420375929793
Well_C,Reservoir_2,26.305834411096154,0.24340961234482425,2.418562855339197,642.1086247939429,0.17543617730861993
Well_D,Shale_Cap,123.01127620878013,0.3619589689128498,2.232606738374506,4.579330416089255,0.9013670179894954
Well_A,Reservoir_1,48.752608706488616,0.19198758530704263,2.4227678385121676,391.45590068540537,0.22448915157586957
Well_C,Basement,138.73531598731483,0.04837207093927706,2.6612275752618717,1090.8334090551743,0.050128813544531664
Well_B,Transition,69.98250035374822,0.2954280016931996,2.3201695187617446,36.23598962455553,0.5366005646156816
Well_A,Reservoir_2,44.063077108064576,0.24569208575796048,2.439614792405312,830.6545976704218,0.20228387361554587
Well_A,Basement,140.42265502475038,0.03819187184691156,2.6934296508400664,1546.5922403374861,0.046375288912566905
Well_A,Transition,81.50780591047781,0.3003923331538798,2.3701858370790045,22.447667477461323,0.5171815966142048
Well_C,Transition,82.73451306993103,0.30203712590523973,2.396470604544856,30.87953694722666,0.5320435012868863
Well_B,Shale_Cap,121.31808672989213,0.38101775403712035,2.2534668332874084,5.121504494283922,0.9095394486704643
Well_A,Reservoir_1,43.463719187451005,0.17798192043046968,2.393430059504395,177.0806633281351,0.2173882436192439
Well_D,Reservoir_1,41.38047143910572,0.17713622377691665,2.406482911911359,175.03955685626175,0.30493477611858444
Well_A,Basement,151.96882099436812,0.05020886488295962,2.6669210271715604,1716.4915152278854,0.004536302437005047
Well_A,Reservoir_1,34.43901140896452,0.19767277183921045,2.4024960723935216,321.82754680715914,0.2837586226896766
Well_C,Reservoir_2,30.41142451621883,0.20777084086125938,2.44493009556864,749.8955980647396,0.21631456485964742
Well_C,Reservoir_1,51.483244119410244,0.18969811616344262,2.3937828497757936,398.54631921431746,0.22486054068057043
Well_B,Basement,134.4545328465123,0.05987334516589102,2.6577214692907245,1486.9492152407747,0.003732193569882165
Well_D,Reservoir_1,36.98914259021986,0.25179077443389547,2.377846779457639,290.15692850022396,0.27155443992821293
Well_C,Reservoir_2,32.92370289447862,0.2261992192999701,2.4328510915437915,747.6917101685167,0.19515978444831936
Well_A,Shale_Cap,102.30510470936395,0.4106686740259265,2.221520856950997,2.199916114638715,0.9596744563267371
Well_B,Basement,140.40008602459352,0.04570755579701338,2.677656598093122,1714.5642779618797,0.011815542267205702
Well_A,Shale_Cap,107.21500518493002,0.38924345332163884,2.290486192465737,2.29232624810806,0.930904624400242
Well_A,Shale_Cap,109.09460796325752,0.3885177441238607,2.2503829555483152,5.0292408285377554,0.871017286710805
Well_C,Shale_Cap,134.43478487829395,0.37618192416545404,2.2643951588429636,4.6664019161864765,0.8711509666951135
Well_B,Transition,67.65381633703069,0.3296823205707193,2.36066840046357,36.45913958782985,0.481694436348655
Well_D,Transition,67.99673812824226,0.31209030652710734,2.3764699918697025,44.96787336398803,0.49335589882384945
Well_D,Shale_Cap,116.38327733733536,0.3712656052791881,2.2486773477074835,3.923560586412036,0.9361164215211388
Well_C,Basement,139.84995908787266,0.04352458194364841,2.682325759144998,1743.9295138806676,0.0026946779397369514
Well_C,Reservoir_2,31.093879133909486,0.2170125392335715,2.4664260806454603,528.0028387016245,0.23051179680164274
Well_B,Reservoir_2,22.66730024319692,0.25015027379673843,2.4263074034848,618.9592352817644,0.18302941538298478
Well_D,Reservoir_1,46.74375359497661,0.18577656141438437,2.4246152823813305,209.8141658910547,0.30018869040105245
Well_D,Basement,142.0856384070186,0.040460605806033556,2.6477889106121966,1705.4132535177662,0.03489733757935161
Well_D,Transition,83.4905476556536,0.3395288116903097,2.3030727516486684,37.11784025337191,0.5862286755260255
Well_A,Shale_Cap,112.80972761341498,0.3533937274852202,2.2462175921844594,5.121462012027527,0.9119236453291428
Well_D,Reservoir_1,47.529900671546756,0.1809764861989688,2.409758221043079,313.69387884721425,0.21233630773040174
Well_A,Reservoir_2,36.4344369504865,0.22158476412637895,2.3879157228674575,749.7656479341967,0.24029911134926193
Well_B,Transition,79.59158517437196,0.3247156438364431,2.3178683896105285,46.5315441865198,0.5716510961612337
Well_A,Transition,63.771299327947865,0.3063930365183795,2.33487460506977,22.73107164522945,0.5871765450722205
Well_B,Shale_Cap,119.34781861518684,0.36648583841676774,2.2506830483497606,5.892312651889331,0.8793962930624574
Well_D,Reservoir_2,26.563770305685985,0.2082834974222963,2.45358746565913,713.205053288119,0.24181104549086296
Well_D,Basement,135.10723578904808,0.03274193271209404,2.6396730604299306,1142.765620620728,0.042757279985910765
Well_B,Transition,74.28476590152489,0.30924121786503794,2.373501715278478,47.84766022870535,0.6178801763867466
Well_C,Shale_Cap,117.98768891164403,0.36804979610616717,2.27844739723397,4.3625513359785515,0.9359318530521517
Well_B,Basement,142.51190885539015,0.04191734278359074,2.635086667803303,1552.5685456830015,0.03502636683084669
Well_C,Reservoir_2,34.61257052632879,0.2430090018507228,2.409938393964804,477.17675346914325,0.2257308996885491
Well_A,Transition,74.92822982438119,0.30500400412503387,2.409870024693519,31.66338849797502,0.6106094807597541
Well_A,Basement,160.65951133603215,0.055345056484805505,2.686629662776215,1492.893972161498,0.027702968628787145
Well_A,Basement,143.3804245551484,0.05497743089091395,2.679977727561634,1096.6644304079718,0.04842425423200218
Well_D,Basement,144.52951966368673,0.0444169824605397,2.6269953730108493,1152.0494088428584,0.05871152810334843
Well_A,Transition,81.51600984496181,0.3155787300702423,2.3637331859845565,53.042354683015205,0.5494762254035306
Well_C,Transition,91.3959394667803,0.2781659824772137,2.338387008925768,47.089609133659145,0.5828221504905828
Well_A,Reservoir_1,40.236198314014906,0.20856801496283867,2.3796425250663837,343.2664626112793,0.28805537704187023
Well_B,Reservoir_2,30.214853995966955,0.2400133144276242,2.440995473743619,347.3844224787194,0.2005754717965434
Well_B,Shale_Cap,125.59062736162028,0.3884194588877878,2.259840376959856,4.210828302874181,0.9015519786586952
Well_D,Basement,138.84379094399452,0.04521162543991596,2.6341167270787067,1111.0409787661931,0.05228484205145126
Well_B,Reservoir_1,48.359618304279735,0.22234011899153394,2.42367138646401,308.65395561737466,0.28993964521459253
Well_C,Shale_Cap,109.07235431039572,0.37261445721507597,2.252867769346845,4.195434660309424,0.8873922547756782
Well_A,Reservoir_1,35.82377095090757,0.18294659428312932,2.3795528162756425,350.5017531534729,0.23854328626886437
Well_D,Transition,86.9015069999194,0.289283970738954,2.2987792612722115,43.36142367921036,0.5265438620008197
Well_A,Basement,141.06461093238,0.044517127035093994,2.664800546775584,1454.3312338004862,0.03793692921825839
Well_A,Shale_Cap,124.01426188934036,0.3728046270842183,2.223479046278359,5.0037591934532735,0.8631784766819106
Well_C,Shale_Cap,112.28992859031511,0.3608569817020991,2.256875757630998,2.2700101867352878,0.9174311292694773
Well_B,Shale_Cap,119.61078118743639,0.37539198571588467,2.231515337114634,4.951539939338424,0.9415920756435678
Well_B,Shale_Cap,105.23049710209526,0.3614097827961518,2.2200694148981985,2.8213317548271992,0.9127951606826556
Well_A,Shale_Cap,114.79980852474482,0.3615628037374937,2.22992085255837,4.627024253898228,0.975909853120986
Well_D,Reservoir_1,37.66957467997648,0.21353641744278795,2.3990663983082547,315.7515926590992,0.2648378533948319
Well_B,Basement,140.3700693380437,0.03700418763072402,2.6848919725363753,863.5996157930275,0.05790092216726831
Well_D,Transition,84.49117243593274,0.2770347342249476,2.374563329312646,29.577573585904986,0.5179534755269692
Well_B,Transition,90.30345534730043,0.32035322933687005,2.3581448593247694,53.02914797016564,0.49482681261652606
Well_D,Transition,82.41181020191618,0.30681178432800993,2.361720877627844,43.942164993446525,0.5752156639625762
Well_C,Transition,67.38822297351133,0.2954121851186394,2.348695691505584,39.568264101757734,0.5154342154851452
Well_D,Reservoir_1,45.43234465028486,0.20875617966001378,2.4324870671974104,209.0205574948053,0.27069525976300346
Well_C,Reservoir_2,30.329613845100297,0.22952895698251524,2.436512914841943,369.0915060172246,0.22980612196114777
Well_C,Basement,141.21116442597,0.05826047171441506,2.6468970728828536,1501.1030360650009,0.0005432496948222586
Well_D,Shale_Cap,107.14738319409057,0.4149916780841084,2.2776290815738096,4.550752987583742,0.881462870397514
Well_C,Reservoir_2,29.485126147243285,0.2352697443066212,2.44588448258027,711.5232698850803,0.14164946648136145
Well_A,Transition,76.12473759746942,0.28432468668827204,2.3292837684305123,28.019834137367987,0.5146583678391841
Well_C,Reservoir_2,31.664108549753223,0.21568480021778497,2.453641041314252,676.6219843569822,0.1497379014243487
Well_B,Basement,150.92347693201557,0.05499685110302934,2.6741600681275783,1689.4394573194852,0.03265523796682186
Well_D,Shale_Cap,123.85799162144525,0.35524675155345403,2.2673831212877853,4.08579609666752,0.8588996335133652
Well_A,Shale_Cap,127.09832669813393,0.3936665798562214,2.245813723608413,4.337795639029704,0.9199831526232427
Well_D,Basement,137.28408380419012,0.036189553968462254,2.6691145578681463,1558.6483240770995,0.027260725384059308
Well_B,Basement,146.32937503075686,0.03661394200276752,2.6807875586909486,1484.9147472551376,0.025656080022200236
Well_B,Transition,93.94012282534494,0.284666868244333,2.3335132859227428,34.42501981673598,0.4830678660285012
Well_B,Shale_Cap,126.87670309583842,0.3805077684108482,2.211606536876047,2.224704309389756,0.9138424448198115
Well_C,Reservoir_2,29.53438588800114,0.25887264006937627,2.414869862114415,404.53089914691986,0.15925551371254718
Well_C,Reservoir_1,46.879231120487866,0.22580743792103422,2.416801025891378,371.6726782537021,0.2722161171849381
Well_D,Reservoir_1,40.01214970090006,0.197755265309845,2.388296989468844,293.901471524528,0.25426645778556073
Well_D,Basement,137.04753682012628,0.03648925633791979,2.620326261297693,1595.7000381154733,0.047357570899181134
Well_A,Transition,82.39107068253891,0.294900884128926,2.346236372199913,31.11372310534303,0.5507887814790742
Well_A,Reservoir_1,43.96727714495614,0.20540400738849612,2.392971871314794,303.8765093349407,0.2503758967061848
Well_D,Shale_Cap,122.93985332379444,0.37372940627655205,2.268436030039545,5.435057117397889,0.9472862609765461
Well_C,Basement,144.89612732325529,0.07056543564829541,2.6260733469402227,994.3288655077688,0.04041872504849446
Well_B,Reservoir_2,34.77756323171124,0.21162626977027812,2.431652663727898,407.6007797757674,0.14023905622628843
Well_D,Basement,140.22946051457257,0.05975816719344709,2.6875536333182724,1313.4400149219334,0.00968176806332302
Well_A,Reservoir_2,28.452100726254137,0.20482990178649332,2.4356596589915127,595.1890225135087,0.21293032197147832
Well_C,Basement,140.14910326926508,0.03622382499245763,2.643056779874872,1047.5985309068217,0.05759176816280731
Well_D,Basement,148.12829977257638,0.07088442772869925,2.6124205006328616,1336.8145034542727,0.04178578842216643
Well_D,Basement,130.72045368916574,0.04131707268123634,2.676038872583673,1300.1014768689643,0.024717485702046117
Well_C,Reservoir_2,33.63910586421542,0.2484854027907566,2.4197220809541493,640.9880813414081,0.15406446868162801
Well_D,Reservoir_2,32.4284358070168,0.21209307355273954,2.4318379832167953,686.7990329229156,0.16475025366033832
Well_C,Basement,147.15070669994,0.047653794300425864,2.661147139848801,1227.3444950494197,0.001087442462743784
Well_B,Reservoir_1,33.30845151219874,0.2624158618205995,2.387760659484517,323.3908787197926,0.27263579551694506
Well_C,Transition,80.2450912359211,0.33517240968390266,2.361163164178206,49.20306820815168,0.5479132523971356
Well_C,Transition,81.11327356534343,0.3219293846762177,2.3312296813751137,34.69788218208243,0.5056819074964808
Well_C,Transition,71.59969148481883,0.29872950850769286,2.3871231440405243,51.36563905621046,0.5084861839496634
Well_D,Reservoir_2,29.71349172456605,0.24696861764410571,2.395062213320308,833.0748803869022,0.14798776734970676
Well_D,Reservoir_2,28.966498526173517,0.23422567384558945,2.4640015791285372,549.7402833604863,0.2596618824683541
Well_C,Reservoir_1,39.04858531496277,0.1724689458791625,2.4223942289193228,217.2289447352358,0.23206246411433942
Well_D,Transition,73.00523688229421,0.296309492846883,2.3318576600638536,44.74129683283577,0.571942127861025
Well_A,Transition,60.35547154320744,0.31303043982679013,2.3158694298872557,35.90760662265065,0.4807438865935684
Well_A,Basement,145.59276633737147,0.05668340488718081,2.6379747860366454,1539.8635445793261,0.03502281526388184
Well_D,Reservoir_2,32.4099777820678,0.24409013079649447,2.4557811337475104,745.5910981376537,0.20216096796855498
Well_D,Transition,81.27810236767598,0.28277824179652855,2.3921010991037557,24.285597223877208,0.5072965279860405
Well_C,Reservoir_1,46.187419635234164,0.21593151090281523,2.419263695905352,396.13940706208393,0.28104583853967047
Well_B,Reservoir_1,52.199744247458284,0.2314308630446977,2.4138127118253005,324.4217443253807,0.20877720592043209
Well_D,Transition,85.53048464613987,0.3361861269946622,2.343458623138229,28.02487983770552,0.5083155852734349
Well_A,Reservoir_2,26.55183481328806,0.21430476183744596,2.4325898380281994,801.154412358273,0.20084715760864622
Well_C,Reservoir_1,33.56659788492815,0.19184487639706158,2.4403856784728357,373.6760461121934,0.2691412922368924
Well_D,Basement,138.0529926768872,0.05854525227066616,2.627241982988141,1695.1616315052624,0.03818245689200246
Well_A,Reservoir_1,47.34148500501905,0.18648810788750297,2.392098603154468,209.6409121186273,0.27335691506724735
Well_A,Shale_Cap,123.70565033679298,0.3526572438707951,2.2669634842533335,5.259758914162157,0.9511432816088049
Well_B,Shale_Cap,110.13981348185193,0.3660645636314085,2.2616405313416945,2.353539787938075,0.9408633477033601
Well_C,Reservoir_2,26.95722657961896,0.19074748616654844,2.446993000945994,340.6590399503991,0.22002168695667898
Well_C,Transition,65.48157782910356,0.3135828555087639,2.3409386350153043,50.86037299055933,0.5255406865706447
Well_B,Reservoir_2,33.67529014542059,0.23632311914365559,2.4493853517961703,355.64563440270496,0.15139015241860038
Well_B,Reservoir_2,24.32213938396447,0.24513577359973965,2.452249375880272,774.7523336338315,0.2597153956882588
Well_C,Reservoir_2,26.916584357117515,0.22511839052651597,2.4392138542474475,735.3812730698753,0.20794168294700852
Well_C,Reservoir_2,31.327516077991337,0.2516353345534566,2.413755616131372,442.96963556366967,0.1417257735286502
Well_D,Basement,145.7324199418363,0.0632893331953541,2.671604255620676,1357.055815641376,0.03747684288687189
Well_D,Basement,148.5458825511158,0.052493085956417294,2.6913526542225426,1372.8553418993615,0.05944074942394595
Well_B,Reservoir_1,39.8915145857176,0.24126826717664215,2.3936314266811602,219.50762024570975,0.2616222252265311
Well_D,Shale_Cap,132.25894179742494,0.3873529858598284,2.2079994698469676,2.846543594279445,0.9794320442348549
Well_A,Reservoir_2,35.12754008415518,0.24770462965977982,2.428152880886959,561.0251015529104,0.22097435626008927
Well_D,Reservoir_1,42.74128617573349,0.188821848258868,2.4396332680492523,404.83991653108797,0.21008284386841372
Well_D,Shale_Cap,135.70069752424635,0.38007391343695696,2.270229260708167,3.1011528538074407,0.8703068539292609
Well_A,Transition,88.73180732424704,0.32461749026309467,2.4005504283612553,24.636172380701915,0.5787194803798789
Well_B,Basement,153.92236667019665,0.04469029102188036,2.6499458665648565,867.2303811971531,0.0467461551837472
Well_A,Shale_Cap,122.73870267591697,0.41108320841429546,2.2670795195310447,5.35261989995457,0.9543654215271851
Well_D,Transition,78.34811734914773,0.31116279029037014,2.274113197669171,23.68656858523557,0.5601650126034832
Well_B,Shale_Cap,117.62714032744161,0.3877264663562312,2.2459105755802775,4.33276321710839,0.9270692234660542
Well_D,Basement,139.205166585291,0.04849162288433305,2.6577815730317482,926.1088402875141,0.03641081733240835
Well_A,Basement,139.29004314304225,0.03869384665062474,2.678681336717008,1626.6971482229849,0.05316560611879249
Well_A,Reservoir_1,45.77717750533087,0.19391368480680016,2.427907108615252,419.2818539749367,0.19360312063952714
Well_D,Reservoir_2,28.842111354173344,0.23506330476075962,2.456406880252249,835.8927881573552,0.19580114210317132
Well_C,Shale_Cap,115.86856284889943,0.37607066833143804,2.245882811382393,2.2841395561760085,0.8774031032015037
Well_C,Shale_Cap,114.02737322767808,0.3764645167376844,2.219027634022725,3.0742486698145703,0.8631271538863089
Well_A,Transition,75.95056198003697,0.29517005108258443,2.348147074004196,28.29963382151829,0.5917610476092862
Well_A,Basement,144.87664910851638,0.03796799144610856,2.628738667632707,1059.255392987048,0.007780738693454121
Well_C,Shale_Cap,113.84003147042034,0.3540776667150021,2.240877583450516,2.842027758661372,0.9551730732379179
Well_C,Basement,143.08855972068383,0.04587002177856566,2.632199050734581,1628.193029672326,0.00929551866860656
Well_D,Shale_Cap,119.74848663700179,0.3630314273161837,2.261462556264824,5.215219561933901,0.8678293034598565
Well_D,Reservoir_1,31.284801048395334,0.2136766903264501,2.4638606732796102,197.46048436343187,0.2648798182634779
Well_C,Reservoir_2,31.522678764554634,0.194475073330671,2.438388005014065,482.42563806269476,0.23868574534224252
Well_D,Shale_Cap,113.33555154399393,0.37766468168409506,2.237288843171912,3.833725696525752,0.9442507899188854
Well_D,Basement,152.99534226087522,0.058141517621182665,2.6744620018200616,1132.4879470502235,0.03228136232183418
Well_B,Reservoir_1,44.21239888390512,0.20442233211698485,2.4269031594236865,210.74329447684912,0.24872710448879065
Well_D,Shale_Cap,119.58076439538024,0.41408211032510983,2.2749378343106943,3.4456151162687454,0.961773307725514
Well_A,Transition,77.50396792507175,0.2659225682634656,2.3222660203561136,34.79762671438886,0.5867425742144816
Well_D,Reservoir_2,30.78308010312491,0.2240032360745024,2.47808273179146,579.5009648866297,0.21736942982921825
Well_D,Shale_Cap,133.0076713228965,0.3859124897749419,2.2196671490115842,3.4886930209875886,0.9360167437517946
Well_C,Reservoir_1,43.300653382575774,0.1880539494473431,2.3982226634652264,216.86454808413163,0.21194053358425805
Well_A,Transition,71.3019005516024,0.28903462410149844,2.3750000173534094,52.303579928984625,0.6157897135483267
Well_D,Reservoir_1,35.370823241624876,0.21441082854027732,2.4343591830461113,255.5215894612383,0.20044206619633465
Well_D,Reservoir_1,38.92082181291963,0.2335945041672142,2.4138821526190672,366.9408606573106,0.2110147768156424
Well_B,Transition,69.18166280130862,0.31362719020885893,2.362258219231053,27.237751251388516,0.5168546285125215
Well_D,Reservoir_1,40.153149173166696,0.2206963467269182,2.434579610049781,355.06909862409896,0.20824582809093903
Well_D,Transition,61.303783851183454,0.288307645386856,2.349068232013873,52.06736706267751,0.4856082766670972
Well_B,Shale_Cap,112.72253266414533,0.36126987250420806,2.2366444088706223,2.9525866146627853,0.9680964917443188
Well_C,Transition,60.09415013340022,0.25758599694729867,2.3317940446642846,36.02881810170188,0.5401979299769484
Well_D,Transition,81.66149268842841,0.2894750428696516,2.3916501333462534,48.61946293413973,0.5038991708637472
Well_B,Reservoir_2,32.70628570043731,0.18738867040385598,2.4553641443326346,590.2226250617425,0.20015307735508753
Well_A,Transition,79.72317204365031,0.2583177412100282,2.4017408994928333,49.04967461427105,0.5024951418596583
Well_C,Transition,77.63590203759006,0.29151527333203914,2.332905012152837,40.50782150028755,0.5193469650233644
Well_A,Shale_Cap,122.63606988458407,0.37167611190229494,2.2273986132191927,5.205783104891815,0.9009721649975945
Well_A,Reservoir_2,29.323324564918885,0.2371690723641924,2.4253808744856906,679.0183588411026,0.20789378658091956
Well_B,Basement,146.54753109954171,0.048244360545007844,2.6800596441427373,909.5486699509964,0.0011493291330751743
Well_D,Shale_Cap,120.78454031631156,0.4059174356372603,2.2356233522478255,3.380334982052935,0.8539135033874714
Well_B,Shale_Cap,125.96004250301824,0.3818350496889675,2.2550448079285337,5.732820351037224,0.8845145329657794
Well_B,Basement,151.4687083453731,0.059854496856152184,2.686074637774907,1702.445316610223,0.05309130706176026
Well_B,Transition,74.35568379180903,0.2822151834354335,2.378659016747133,28.419793557908374,0.6148704448624454
Well_B,Reservoir_1,47.256280755178764,0.23945341351501964,2.3979203874806156,275.1275155013717,0.22132582314818178
Well_C,Reservoir_2,30.852256723198266,0.24993141021158896,2.430670092415436,815.8067921695728,0.16228796864062228
Well_D,Reservoir_1,45.842878771204944,0.20618993788004378,2.4164811405644313,199.12279046155933,0.30616916577408804
Well_A,Basement,135.113851661106,0.05085209449633901,2.5702659208729783,1071.9927542248658,0.02825761514608401
Well_A,Shale_Cap,129.64795613237453,0.39554814705529023,2.2593334196393218,5.617439099975429,0.9562630201497941
Well_D,Shale_Cap,132.16804981727503,0.36102166958350324,2.284947263958311,3.609625037197247,0.9649962954698498
Well_A,Reservoir_2,37.67810073591472,0.20787412975176733,2.4235097167694466,417.8552023941057,0.1810529145036313
Well_D,Shale_Cap,115.1312822140824,0.40446166134190653,2.2448229119926033,2.4795643738908484,0.9455403601613362
Well_A,Shale_Cap,105.43517359561186,0.3854011471678285,2.2117549004916044,4.384327820953224,0.9063997099711817
Well_B,Reservoir_2,31.656829769572656,0.24822725444349444,2.4421150758254297,502.29757387557333,0.2279600128667148
Well_A,Reservoir_2,34.71739689335047,0.2339962086743743,2.445280401626673,668.2261640640769,0.2478063759900842
Well_D,Basement,149.63412100064062,0.033451125637717044,2.6311986111416164,859.7299752716767,0.04959306445148785
Well_D,Shale_Cap,119.0183285312342,0.38186744748553303,2.2273959255065217,2.474836382036446,0.9774738695178941
Well_D,Shale_Cap,139.29341340462736,0.41032788110507146,2.2620423664078495,2.129773784188748,0.9356332930345128
Well_D,Basement,136.28848923986658,0.05077480518518863,2.6677325762042825,1116.7218521619595,0.05629894371907896
Well_D,Transition,68.065915396147,0.26184384884245215,2.324188449676615,19.86293249786607,0.48738713610034434
Well_C,Transition,74.69115573262684,0.3377537531468038,2.366696593736013,27.35575037525411,0.5608684456082191
Well_C,Transition,67.31614744720088,0.32165382107774143,2.3358662604454636,48.365757948370835,0.5468290557371361
Well_A,Basement,134.2770185884945,0.03602881814887009,2.64249202020962,1038.1534363361613,0.005081300512518409
Well_D,Shale_Cap,128.30703080815454,0.34961307849046314,2.1933568880377887,5.363634841611629,0.8787610305379883
Well_A,Basement,149.20157049843297,0.04536838637914601,2.64765720178652,1263.2116209580129,0.018197153450956974
Well_D,Basement,148.92340440553448,0.05190423889925058,2.673476561638551,1328.4149374180581,0.0019595436470697526
Well_D,Transition,58.093381172696084,0.28683503175332303,2.3636052613766343,53.93258357262658,0.5587064335490335
Well_C,Reservoir_1,36.10623579447192,0.20314901598284468,2.4134092754199314,268.59341891241866,0.2039630182197395
Well_C,Shale_Cap,124.88172935671378,0.3831394592193687,2.238269374608721,3.4186648199403313,0.9215862393273107
Well_B,Transition,79.79373123432634,0.32318148129911795,2.3399123578395677,48.1428271742696,0.565656342814451
Well_C,Reservoir_1,33.76995781661721,0.19581117995144906,2.404229026082486,267.4248544740071,0.2710987510124888
Well_B,Reservoir_1,37.29747887325343,0.19888906441026266,2.4140877806320598,262.767422012101,0.21181346406608342
Well_B,Reservoir_2,33.587266306250875,0.2233427919123498,2.438132262822001,409.14793755625465,0.2455196258814169
Well_B,Shale_Cap,115.76534310041303,0.34971059381638464,2.256431864226785,4.009709148665506,0.9450932267614051
Well_B,Reservoir_1,43.351584703485294,0.22385445510233717,2.3846133900690663,355.62344939898486,0.25375528220211185
Well_B,Transition,91.62011726503684,0.2853393400895202,2.404541857676735,45.065369169596146,0.5954260124646369
Well_A,Reservoir_2,33.17012227176574,0.22502942763851103,2.4640106331694773,548.5899043607377,0.18548485824596422
Well_C,Shale_Cap,121.12287895878437,0.37628308495614504,2.256199979663311,5.376849301144572,0.9129226744262225
Well_B,Basement,130.29338881576825,0.051435879365051604,2.6054606232383857,885.3424728174871,0.016319916320661362
Well_D,Transition,84.07769836387335,0.29811082571115993,2.3625882991607234,44.9497216105669,0.5284128537774595
Well_C,Reservoir_1,48.250347984353105,0.22167088606023774,2.4074096550627315,363.6574755685724,0.22191141407585424
Well_C,Reservoir_1,45.479143711770796,0.2429896178864784,2.431412211199584,338.8918448392735,0.20444650945469067
Well_B,Transition,67.65486764993082,0.3114478062235135,2.3635181023858762,33.43615648688933,0.5024315841367109
Well_A,Reservoir_1,30.781101962807014,0.20398280505718347,2.385810461291624,356.89357435163015,0.2977557576217346
Well_B,Reservoir_2,31.028654340107405,0.21488416999683274,2.460974142528331,406.4001303218897,0.1680575399711677
Well_A,Shale_Cap,133.24325690470636,0.38982415330823994,2.2428394124050604,5.705855191824739,0.9045515597648853
Well_D,Reservoir_2,22.453219562463538,0.2563660464970534,2.4414536104865867,325.9903443921819,0.23448463497791278
Well_C,Reservoir_1,39.53104113262692,0.20821531691557102,2.4092485871004103,312.97157745561987,0.23772212973196655
Well_D,Basement,142.2479537936237,0.054430021304473754,2.6885464931172214,1094.3428022884402,0.0542545974844539
Well_A,Shale_Cap,111.83070033951759,0.39693541550432987,2.20745545159297,2.2022924152969154,0.9053957609337899
Well_A,Shale_Cap,123.45810360507325,0.38940088374736403,2.2358474821035594,5.269221248852947,0.9709517946220123
Well_D,Transition,72.30260908659164,0.2977866926288534,2.323100733180544,30.485808321676473,0.6018963837640415
Well_A,Transition,54.744094245426865,0.29250355886756385,2.3188436853746808,37.60780171641862,0.5025914301743736
Well_D,Basement,132.21234510723434,0.06328640828248232,2.6693955342159494,1534.1448368111433,0.00923399428162642
Well_C,Shale_Cap,116.32727751824807,0.3661079926167371,2.2269127466353402,4.718788867333381,0.8573684561815585
Well_D,Basement,131.4890271594897,0.0490337632998511,2.647520992161579,1477.4473229241826,0.011606120577388954
Well_C,Transition,67.46294464042732,0.3155205582768695,2.3199334894321986,33.21824696645056,0.5136744219252208
Well_D,Transition,71.98051810117572,0.31950624916955955,2.3654688426533186,42.90440884371503,0.5954090626149089
Well_A,Shale_Cap,111.17064137175704,0.37338421551344886,2.2343960174176507,4.68508330091653,0.8851837124576295
Well_D,Reservoir_2,38.6528745201952,0.2478590774021754,2.4765924040343217,779.0338190502523,0.17473274259433857
Well_A,Reservoir_1,55.68991101923306,0.19764716646132607,2.379299195049353,245.87401355054195,0.2577078180021443
Well_D,Transition,62.95991972873789,0.29255361894124154,2.363119395611169,52.57402243387733,0.5764722715247521
Well_D,Transition,79.77831884640683,0.32557731626626785,2.321430508577836,46.31844446274751,0.5154236877288354
Well_B,Reservoir_2,28.615024307707344,0.2480079717679013,2.4490245063863703,491.89456999630454,0.22117804994247253
Well_A,Reservoir_2,40.336120557755685,0.26046477243424515,2.454712439944915,547.4030557304129,0.17311072332566563
Well_B,Basement,152.69079345262637,0.04264696539318048,2.6816443797127203,1473.1188755389728,0.013999969358959597
Well_A,Basement,150.22321686398027,0.056952029000839996,2.668512530709845,1614.5017656031619,0.002699809274125462
Well_B,Reservoir_1,36.072759954595504,0.1930629806774927,2.4349923781059335,284.41737617907586,0.30146314598146784
Well_C,Reservoir_1,39.492542725404654,0.16948384253777246,2.3885829516263115,302.51775270928573,0.21095766230755955
Well_D,Shale_Cap,135.2913526971178,0.400148879463904,2.224901546639954,5.8612108945216,0.8565541805682871
Well_A,Basement,143.1082628486865,0.05937915537510655,2.6603749796572176,912.454677313765,0.00539261110416964
Well_A,Transition,100.94722444533414,0.2666280148224361,2.3817618558965163,51.938918463374186,0.5369226752303261
Well_D,Basement,144.64784291019546,0.04266843802890004,2.6668698917737803,1478.049506954653,0.054015846672124224
Well_A,Transition,63.1367883888137,0.312773203372862,2.3817435497526147,43.14642774862031,0.6124294501644921
Well_A,Reservoir_2,27.59465831669354,0.215755584727019,2.4637346924035466,634.5345328335036,0.14194921318513445
Well_B,Basement,150.61801243423588,0.04095385625006234,2.6951827053580235,1448.5503901059678,0.0333947057101292
Well_A,Reservoir_2,27.608384614101304,0.22243984201963565,2.4446289184505114,374.8200808760562,0.1882432660265889
Well_C,Reservoir_1,45.87893722635462,0.2276281505784714,2.424422707250912,190.73684179568303,0.1900036862614459
Well_C,Reservoir_1,36.50235539661765,0.2371088560221099,2.4334039741839324,408.9842280308728,0.2578893940735947
Well_D,Shale_Cap,121.07437197798234,0.3627659385948748,2.2506006295832814,4.195491206170399,0.8993972802655013
Well_A,Basement,132.63104066534885,0.06503419828429,2.6500963971810068,1133.4266001300061,0.005798690057265137
Well_D,Reservoir_2,30.941665090344117,0.25837062690296075,2.3902438268692983,783.017820230724,0.25946826805888257
Well_C,Transition,88.2157230887055,0.3067604696220341,2.3137893505642837,32.900037676798725,0.5741510167743109
Well_A,Reservoir_1,35.54812564170457,0.18693298978808082,2.4327462908472945,194.63458027552346,0.265887550775861
Well_A,Reservoir_1,43.299749852427716,0.18948494632719445,2.432016427968452,355.9027487714951,0.2947431305878797
Well_D,Transition,86.49096771898508,0.3352237624973475,2.3499905898216467,40.90939120853596,0.5061295915716756
Well_C,Reservoir_2,42.43023524768557,0.20970481013628298,2.4327707446661204,386.54138864619284,0.25561759369691933
Well_A,Reservoir_2,34.08223019050726,0.22892190301988521,2.4203539283924536,630.34877626045,0.20496493050889258
Well_D,Basement,143.17678875414344,0.04095931710264,2.6135311842483957,1423.9967276610323,0.04920405012333896
Well_C,Basement,143.54785588732707,0.04997596159081146,2.642321850446321,1470.3793708924213,0.015138715624181225
Well_D,Shale_Cap,127.31017297108468,0.34908540426618534,2.2817967795636136,3.4592898808311947,0.9333255186528385
Well_B,Reservoir_1,45.44442732536401,0.1826835168916912,2.4070206138046544,342.4519512080868,0.25677575648185863
Well_A,Basement,146.2364734828908,0.04757318723187967,2.6292089237700234,1458.0966119863656,0.02375623357175699
Well_B,Reservoir_2,38.15000286359575,0.22431230700786983,2.4718116414523568,538.5082557507827,0.2521675898585961
Well_C,Transition,73.844829025391,0.2931818424530784,2.362849500771257,31.980050907905905,0.4886851469080294
Well_B,Reservoir_2,32.38578248108858,0.231571540594383,2.397425318111704,405.81919351507327,0.21897226616677906
Well_B,Reservoir_1,35.08000558076553,0.1762531130577858,2.374122150042642,331.51947096192333,0.24304401051173483
Well_C,Reservoir_2,25.222762484438555,0.21948240648209594,2.4435550021253607,751.2733721727805,0.25286047434552833
Well_D,Shale_Cap,123.20385109205063,0.38262130372431696,2.24845113078548,4.4072269357817895,0.9256257641647543
Well_B,Reservoir_1,34.828237418404534,0.17634682611754626,2.3895194281822727,192.97424586310888,0.2370090940674734
Well_D,Transition,82.04772442764693,0.28543455595186773,2.4149516820341983,50.260783267378706,0.5607774257384754
Well_B,Shale_Cap,129.52438875474877,0.4021180084871462,2.2387210502388353,4.161115572749685,0.8603064370020549
Well_D,Reservoir_1,47.169816746987664,0.21278120797306835,2.37846007035618,197.30205882468522,0.20817346263224287
Well_C,Transition,71.57740444839327,0.33945084353579613,2.30842036172803,20.982769991275266,0.6115396024635232
Well_B,Shale_Cap,124.044713934687,0.40978226216656577,2.295428994908456,5.314611624473157,0.9518510428064048
Well_C,Shale_Cap,116.7648206145283,0.3839096346310658,2.248023095975214,2.4973833657234814,0.9637673704207498
Well_B,Reservoir_1,44.61585233700028,0.1593550782956063,2.423641389801253,334.7851786964906,0.24775335414630845
Well_C,Basement,142.7570674219718,0.04325065981209448,2.647907720328049,1245.8700757424515,0.03863739476685681
Well_C,Shale_Cap,115.5990777365077,0.377059491531383,2.266814689642591,3.532861463789007,0.8781232610920074
Well_B,Shale_Cap,121.66242005882651,0.36785291133575576,2.248455579095539,5.281950337921099,0.9574243054235243
Well_B,Transition,63.791905967612784,0.3212788197512171,2.357577065379899,48.5594954163506,0.5684042309616228
Well_B,Reservoir_2,38.92266023796953,0.23933090622900255,2.466924515124055,539.4947661543031,0.2549535031911365
Well_A,Reservoir_1,55.63460832268129,0.22778074244559784,2.4214748884200885,308.6179888655654,0.212180607753643
Well_D,Reservoir_1,34.34217350076999,0.2129104239553648,2.3977175486998337,358.5599900310833,0.252808164510641
Well_A,Basement,146.17241484730178,0.03858991490247262,2.656654735185712,997.0300825585782,0.011067543063593002
Well_A,Basement,137.17020111488463,0.04522354417395995,2.622345938840798,896.0351850583579,0.023867606455745892
Well_C,Reservoir_1,24.42330785998639,0.25105944049003326,2.4317753930843335,197.78494002933107,0.25068360925376487
Well_B,Basement,139.74219565045001,0.06695722877810865,2.7169186608431937,1640.2301615600113,0.03347242053960439
Well_D,Transition,79.40229423147139,0.2732654912224814,2.3376452989310903,53.000922924287174,0.5979031527310533
Well_C,Reservoir_1,42.79156780063174,0.20090904562513112,2.4056269344512993,204.1706390369549,0.20523332965059674
Well_A,Basement,142.3135509429849,0.03939394933603399,2.638489515526162,1740.5548000458903,0.04105885493552069
Well_B,Reservoir_1,34.292494405800184,0.229556310993724,2.3678870611631937,179.9570960910719,0.19050249323535495
Well_C,Reservoir_2,37.767951716584626,0.2577269879452569,2.4339563882603477,540.1847903138075,0.14288060538138667
Well_B,Shale_Cap,99.1749032973816,0.35978803560142175,2.2396956321238353,2.393696756405475,0.9743736564056155
Well_C,Reservoir_1,51.181171193180106,0.22329854324603482,2.3915087177124383,221.6002384131481,0.20163588051585096
Well_B,Shale_Cap,107.21920664323655,0.38992398374726633,2.239293665748647,4.710183220735104,0.921100753878112
Well_A,Basement,146.89300613466557,0.049519114926692274,2.6545054858684014,1164.9440682136426,0.04694554873276727
Well_D,Shale_Cap,117.14661492656103,0.38090445417999963,2.2510239580376217,2.8986295905670665,0.901913235425899
Well_A,Reservoir_1,43.937847021706006,0.20877992056289232,2.4200048093887316,246.89010568500856,0.2777044414931392
Well_D,Reservoir_2,29.331998467804166,0.26424080568035785,2.405047269803435,761.2842398628495,0.2364998677980661
Well_B,Basement,137.2266575923547,0.05424393937861013,2.698385560092805,1212.4655362721478,0.031176700548180447
Well_C,Reservoir_1,28.699086963875615,0.19068670392953582,2.442583327298019,194.5825477159055,0.20904841160491713
Well_A,Basement,138.50930779964767,0.038261200355910276,2.6540618681304595,1226.5505800405,0.021468674960135582
Well_D,Transition,94.54325070530842,0.3299486336635925,2.405731070306132,23.973939860376884,0.5460435772525815
Well_A,Shale_Cap,136.76674801447328,0.4118888478349839,2.2635789397552446,2.1007963792842785,0.8961281412206111
Well_D,Transition,71.50078120850064,0.30661702609231156,2.39353004314394,27.663010002901828,0.5772934367080267
Well_A,Reservoir_1,50.258978700117225,0.2162626428002631,2.4237413159171783,286.9261955808116,0.2059818550801028
Well_D,Reservoir_2,39.33270429639302,0.21937090897281572,2.4086428114926908,637.628622113386,0.2016449426258366
Well_D,Basement,130.95953353296548,0.0496771938895053,2.679216288052243,1006.9683404003496,0.02829896944503572
Well_B,Shale_Cap,120.98462561324945,0.3846557348588033,2.2348647204596817,4.202126722384902,0.9029575181476682
Well_D,Basement,147.75031491905224,0.0505166097685108,2.666872240646171,1651.5926099156582,0.035816713404790354
Well_B,Reservoir_1,48.44590807629337,0.204050355982523,2.436239674771479,354.9635821349499,0.2995649760267827
Well_D,Basement,134.3796334677278,0.05286955854301709,2.6350413524751666,1072.1713248361596,0.01838492696106218
Well_C,Shale_Cap,114.89373818777204,0.42249542806033924,2.2766267812397682,3.7059989889674445,0.9300047013767085
Well_C,Reservoir_1,42.427522499465354,0.18412984749591807,2.3960861024560587,264.08133740497846,0.28742393488124557
Well_C,Basement,136.49123809950055,0.06068379333694017,2.678123626687656,1689.4776451542818,0.0012082709369573895
Well_D,Reservoir_2,43.51819376052394,0.20041111553720553,2.465184664795736,813.8224137577494,0.2596339300894004
Well_B,Reservoir_1,48.878645222404366,0.1905324232394593,2.430142666729463,388.7356245965293,0.1959065097448914
Well_B,Reservoir_1,44.01686977815737,0.20545047480093184,2.3935212902605603,195.9125762164643,0.29309341091762997
Well_D,Reservoir_2,28.40445274275407,0.2709962419157185,2.4400136563791497,446.7051835597657,0.230964850521346
Well_C,Transition,71.7611764302269,0.3216396961849988,2.3095127136534543,54.13275786294746,0.5703843607881776
Well_C,Shale_Cap,116.67828985675783,0.37641813429967685,2.2579163956219186,5.127563651987559,0.9495616237050164
Well_B,Transition,70.11356953065739,0.294316898041424,2.385842885856308,39.27724121797614,0.5089545050386755
Well_C,Basement,147.36788312544323,0.0302177475062519,2.661408047061811,1234.7198753500202,0.038713114550679835
Well_A,Reservoir_2,27.82838477254209,0.2452805956314572,2.409143969695807,425.27475534679064,0.23400646639950062
Well_B,Transition,72.93795976091968,0.29528060025578057,2.3723255713094513,45.79732020182938,0.6055793405110176
Well_C,Reservoir_1,39.96526632437977,0.2174012223053791,2.407525346398005,248.20257190519743,0.19749175927333365
Well_B,Basement,144.7468336595547,0.04010042207447986,2.658949771699813,1073.6858388346834,0.019016557306036883
Well_A,Basement,143.55196688713232,0.0521273977585766,2.6834862120484573,1621.507843632812,0.04587905702309241
Well_B,Transition,74.5509954433992,0.3088954761566319,2.325230389515936,52.965890389481046,0.575555667027402
Well_B,Transition,78.05742773526353,0.25827044683257827,2.3548146887192045,22.438258844045883,0.5236889662512829
Well_B,Reservoir_2,43.06265519698621,0.23746697119422797,2.4462475642093313,392.76901733925223,0.25428641028784693
Well_B,Shale_Cap,129.54188132333132,0.35484263688182227,2.2646276050515,5.78299880890372,0.8906795412437469
Well_A,Transition,82.7233764900117,0.32058914963196716,2.3761694614008535,43.07575992444886,0.5153240630589214
Well_D,Transition,77.48249115973985,0.3014574819603103,2.352195909730051,35.592601463611146,0.5988737227942147
Well_B,Reservoir_1,41.09854206721044,0.18760907743233662,2.4021294028806057,377.4749700421661,0.2558691557968086
Well_B,Basement,145.618568109693,0.04149464721252956,2.734555697500367,1264.8085043859237,0.04972253902908038
Well_C,Shale_Cap,122.11820248782384,0.390667184894109,2.2667893700903683,2.421605509585849,0.9590510020475289
Well_B,Reservoir_1,49.30916827052553,0.23114736610756448,2.4274439400014596,348.59661606106295,0.20351085598350332
Well_C,Reservoir_2,30.424566344029458,0.2486625614468214,2.435545585984468,345.0142518996109,0.25536999435704594
Well_D,Reservoir_2,37.325859828571936,0.25905233490972357,2.4216735816185317,819.2908563289557,0.17579269450809473
Well_A,Transition,71.30463436962977,0.28950865972465895,2.3905660803660145,23.152400619034047,0.4815001416773502
Well_A,Transition,81.39253489214761,0.3007889409648148,2.306922714283944,30.73138986042936,0.5528761372226801
Well_D,Reservoir_2,25.420920917862464,0.25025274819288146,2.4368369231125535,587.9260196134499,0.20093094058262828
Well_A,Transition,76.54840744601987,0.2978732599493737,2.379867445420061,33.36038919773159,0.5391069127432949
Well_D,Shale_Cap,133.6253808793443,0.3675593038889124,2.2616547516634773,5.281013275779559,0.9343371248063523
Well_D,Transition,68.40241977307754,0.2536771227406225,2.3757404258590644,36.976365465294904,0.524919635984978
Well_D,Basement,137.0308223622086,0.057931756882186776,2.656338286036362,1160.5151559321096,0.003283962415499153
Well_A,Transition,75.03533790079373,0.27303905776119664,2.328559579690287,22.453452319769482,0.4894646649261336
Well_C,Reservoir_1,45.127679430082885,0.21643357082753,2.4133611961193364,271.9393134373896,0.20429688063952578
Well_D,Shale_Cap,102.58347962845716,0.3835695332777078,2.278577154156271,4.874872453048809,0.8643784678535109
Well_B,Reservoir_1,33.15520720774737,0.23505685268854967,2.4010355076739973,248.72355693700734,0.24330200882540398
Well_A,Reservoir_1,42.62062877584864,0.25084152080287486,2.415547169239294,285.64033972761314,0.3084275134465957
Well_D,Basement,141.8663261248977,0.041869856277398705,2.6846983974703313,1334.5554813582619,0.05952813836871496
Well_D,Shale_Cap,112.197071781774,0.40607015863869517,2.263294054906662,3.349322435383062,0.9575780802139962
Well_B,Shale_Cap,115.57663330106158,0.36435993014977924,2.2348059376503944,2.272746479061851,0.8743261551533652
Well_C,Shale_Cap,105.83145157529528,0.3894308476083641,2.213377102433233,5.503619699999579,0.967688869871367
Well_C,Shale_Cap,110.1724493498739,0.33848823981842935,2.248278606144182,2.4272028160094545,0.9739423743196723
Well_C,Shale_Cap,118.79743631782502,0.3734660757362727,2.2291484461065885,2.657147373089637,0.9518109860200806
Well_D,Basement,134.96659747938017,0.05316358321536145,2.6334425394162735,961.4614240352357,0.004232138255577393
Well_D,Transition,79.44850194216866,0.32606556074632126,2.3675849740117836,24.245970214028873,0.5995520034998594
Well_D,Reservoir_1,39.525517090701115,0.21015760369389455,2.40348777895703,360.0550706496048,0.302175462099134
Well_A,Shale_Cap,118.68531835291687,0.3842418670614835,2.230132826008361,3.5082157240067953,0.9011316871500745
Well_B,Transition,69.87296938408018,0.2756543461555904,2.354783875204124,43.576126560081605,0.5034593155026309
Well_D,Transition,78.2777099900205,0.2606299157312389,2.369649267526651,41.88477118718932,0.5018082564812238
Well_B,Reservoir_1,46.86479187355026,0.192870035251816,2.4119534075349667,258.1144259671292,0.2396219836347951
Well_B,Basement,139.70309686232218,0.04876271053725164,2.648069609191562,1703.0017281723067,0.008471943812231096
Well_C,Reservoir_2,26.0798472088872,0.22200201875737727,2.4453858950516145,840.0665160173767,0.1857939798930962
Well_A,Reservoir_2,28.649423997728835,0.2534343582943232,2.4164765332689044,397.39114022739017,0.25256769674817575
Well_D,Transition,81.90048237669374,0.3236378218591992,2.364427242782467,20.55436666572087,0.5268704658646951
Well_C,Reservoir_1,48.21652590627754,0.18154050149476653,2.3905975147924075,315.08143960752136,0.28772607048028975
Well_C,Reservoir_2,30.01221117254139,0.2106390848297951,2.433793845892302,424.24474457579623,0.16849799662032608
Well_D,Transition,85.83111646845424,0.2725651374147299,2.3982634256720314,31.412573427665986,0.595359671263197
Well_B,Basement,146.96937814110774,0.04850059280920891,2.6170054455642586,1570.8448493872872,0.010809518863957155
Well_C,Reservoir_2,38.48031530890698,0.20785686366395098,2.432689881260295,643.200763620502,0.1688964579287808
Well_B,Transition,76.78960623813983,0.2855201933651478,2.344138289464689,23.445040290512978,0.5217168129694181
Well_A,Transition,77.94364011615556,0.29568780842863956,2.33884426353164,52.264203713275826,0.5026372374583581
Well_B,Shale_Cap,114.17230702655726,0.3863904934156591,2.283072345369846,5.537914910387037,0.922019123215407
Well_A,Basement,133.65866844907922,0.0515776143929377,2.6270789504308683,1533.8412925855496,0.02032940894536844
Well_B,Shale_Cap,108.1846005797448,0.3990003165733929,2.254860094441088,2.198423633397931,0.8834181499845971
Well_C,Reservoir_1,32.803796640660416,0.20607438697224126,2.4160340001780347,270.1802311820401,0.2310559120134274
Well_C,Shale_Cap,121.40428983662878,0.37871844471702565,2.260725818190344,3.956193601797133,0.8957144834044477
Well_A,Shale_Cap,121.14439015903162,0.3969922397703243,2.2638571516847485,3.3673961676690327,0.9063802630716494
Well_D,Reservoir_2,34.91285659404403,0.222138944858772,2.460032636504171,740.7856207294813,0.2529190787089325
Well_A,Transition,89.14763622019545,0.3142109820459557,2.362880224684052,32.61697350070145,0.48717688428463973
Well_A,Basement,144.2778378903158,0.06669069525826332,2.6317232598262437,1255.3153472027134,0.04493778905162391
Well_B,Shale_Cap,130.60345687276063,0.3518636998100492,2.261718084023293,4.182783875252103,0.876528370511058
Well_B,Basement,137.57937918431426,0.060094717885959686,2.6346517568421954,1284.3411120953685,0.012961886423584331
Well_A,Shale_Cap,119.30051736978255,0.39096639255109,2.26899189142729,4.1001973609815385,0.9419462585477367
Well_C,Reservoir_1,41.643508912365036,0.203071469879862,2.3777686528179434,192.09696511069234,0.2147176043052354
Well_B,Shale_Cap,127.68243837025176,0.3892496724813371,2.2264126175673478,4.9124657493446655,0.9280326833129457
Well_D,Reservoir_2,32.86127193205519,0.2477500793482812,2.4552169330862297,836.9674948729149,0.2088275936032052
Well_B,Transition,87.99603920564927,0.27334445205040697,2.3395168201834915,48.18257908316647,0.5636237329662996
Well_B,Reservoir_1,37.36458750746256,0.19806051426557852,2.3621939126506115,382.1823222325669,0.23080052632718706
Well_D,Shale_Cap,124.30103922359903,0.38856372495621155,2.2444001339625106,2.6619990986546225,0.9418585367692482
Well_A,Basement,134.3258155826813,0.07184096733380457,2.6771152162506358,1026.83827026059,0.01270475172314517
Well_D,Reservoir_1,41.442334760318474,0.205209961559565,2.4323366755105993,333.401136339257,0.24224755880797016
Well_A,Reservoir_1,43.118497018464275,0.21098616663040445,2.425376793519378,227.3151114462163,0.19633920236376665
Well_A,Shale_Cap,115.13418794044193,0.38726231255489046,2.2562221998228638,4.25766635111899,0.9280758156083276
Well_A,Reservoir_1,30.66210424742308,0.20205609367708025,2.387954605190883,320.4704990504114,0.30637826375605415
Well_D,Basement,144.13401369137938,0.0519157739619409,2.675187229679178,1022.8210322227101,0.040001139113550785
Well_A,Reservoir_1,50.68383419635084,0.23725125705424904,2.442812291269766,287.3443256769426,0.2534387924787131
Well_C,Basement,143.45729207890165,0.02917901296811013,2.6765944746913766,1017.199259228837,0.005097977393367985
Well_D,Shale_Cap,115.61439761466582,0.4184689158964991,2.2345077005996283,3.7508672997341654,0.8859780371536701
Well_C,Transition,62.1960978302629,0.31502198909014617,2.2880475086123107,45.27389931639564,0.4851398120876293
Well_A,Reservoir_1,42.170745487098955,0.16844376360287605,2.4035940439092673,399.3393301266642,0.1914403632727219
Well_B,Transition,91.14702524643627,0.3072129578287159,2.324095191851052,53.98107143103238,0.5525214603926537
Well_A,Basement,141.8127790663655,0.03633141636719174,2.67777701821542,1285.1482765961234,0.02574896951749931
Well_C,Reservoir_1,39.07035694529073,0.22266653652142476,2.4104526170535374,359.8742541542533,0.19743358222947854
Well_C,Reservoir_2,24.972184730718567,0.21030013748365972,2.4439736001909482,339.32435693757776,0.1463292742594661
Well_D,Transition,77.36746126508355,0.2884175178072851,2.335574986314641,33.603366848458904,0.48558915455892515
Well_B,Reservoir_1,46.177007982955736,0.2533987317616109,2.3815263472623216,308.43583397555767,0.2298912030609238
Well_D,Transition,72.57085550964717,0.2936352494451476,2.3265653086560665,46.36404995434591,0.615278401684746
Well_C,Reservoir_1,40.441199155394926,0.24197076224192682,2.4260425691723624,234.15350869690766,0.2656924504207145
Well_A,Shale_Cap,110.79077010757705,0.32321842681029145,2.233812383578345,3.2721584467780795,0.9702034328467227
Well_B,Transition,85.65362549108526,0.29955399432563895,2.329333433722738,51.77362961509088,0.5654508210945419
Well_A,Reservoir_2,23.920566062947636,0.23599295375674698,2.4586486974190933,616.3856098372828,0.2017690632508136
Well_A,Reservoir_2,29.924498555183153,0.22791314414026217,2.4478661410001066,639.7029229127372,0.14956580878247422
Well_B,Basement,144.7616297498938,0.05194842340270139,2.6294091404087343,1373.549374726129,0.04598083278627914
Well_D,Reservoir_1,43.238170627952705,0.2292397437814368,2.4052597605997477,328.6575678729148,0.2979098701947043
Well_A,Transition,70.39271416250214,0.3063704200959775,2.320249100096791,51.626580415523904,0.5864560094202476
Well_C,Basement,138.20271835069124,0.03810767534922871,2.6916195731354864,1015.6402948451921,0.045387065279334705
Well_A,Transition,65.6993216284066,0.29710190841837136,2.3366216885841653,30.06829940274538,0.5455979792427589
Well_B,Reservoir_1,42.67884274231814,0.20223306123397683,2.4038876177786337,212.91906721059306,0.2822873359791669
Well_B,Reservoir_2,40.39337336686283,0.19176718898696488,2.4662233499560524,789.1766057150096,0.15040478811147684
Well_B,Shale_Cap,118.20544823297516,0.3971916974468711,2.2515960296811746,3.5518910175915455,0.9578435580856879
Well_D,Reservoir_2,26.50689787411094,0.2584100857454213,2.437730387082357,496.05143669271826,0.22409701016020883
Well_A,Basement,143.32935084174525,0.055954908976392576,2.6423031573061135,1514.691448057267,0.003827673375215872
Well_D,Shale_Cap,107.9982251084245,0.3644232591435913,2.277021457848263,5.906470549260037,0.899036231719493
Well_D,Basement,147.31714713150876,0.047057574943635425,2.70069750157484,1632.5803046334818,0.01083945247867819
Well_B,Reservoir_1,48.87618086485239,0.19445257030308186,2.441175783689938,275.5891102780514,0.2790843924507738
Well_B,Shale_Cap,107.75630872205298,0.37514602504349437,2.2121997965763414,2.6720802087707143,0.8961236476553305
Well_D,Basement,138.35412192775917,0.048626890342111206,2.688733748434187,986.5686216577471,0.03586848080409084
Well_A,Reservoir_1,43.245620108403756,0.1923849182079454,2.4459745003670266,342.2853727147102,0.23928778521892144
Well_C,Reservoir_2,30.784694005595668,0.2300457587228701,2.4614073032045987,340.3524649829626,0.184190012887416
Well_D,Reservoir_1,49.63135453163194,0.20888159102955572,2.4167591505646424,290.5058053342789,0.29919161897916624
Well_A,Transition,82.95109038418524,0.3327671946454188,2.3614392883679436,34.904858654278875,0.546515171090457
Well_B,Reservoir_1,43.86991713602867,0.21776751458460336,2.408103515374383,341.2632261154911,0.19998676794496867
Well_B,Reservoir_1,41.63757762481855,0.23255560501267797,2.4117222173651798,268.4627125336825,0.295329928583515
Well_A,Transition,72.02461371943866,0.31053073367344614,2.335677678814216,38.63448157386175,0.48764544244988567
Well_C,Basement,142.0769718612621,0.054798270353668334,2.651940627400708,1622.07200516574,0.01829418746310381
Well_B,Basement,130.98184129737763,0.04702623920756894,2.6526084979245637,1118.07345855119,0.046802885222402606
Well_B,Reservoir_1,32.7431806905426,0.2067873776094901,2.4003165209750255,404.3803369502843,0.23116320551080294
Well_B,Transition,70.27002944197397,0.29981422876864366,2.359209432180587,24.629064976735584,0.6047596128510913
Well_A,Transition,92.50726158812338,0.2931424227688487,2.35835045903934,28.42752512193246,0.5058021955730139
Well_D,Reservoir_2,29.453933187004328,0.22042482856956624,2.4471895159509423,567.89192646471,0.21270761782153796
Well_B,Basement,139.50024816630722,0.04936876986888752,2.6718739654612924,1239.555928951455,0.03213254838586789
Well_D,Shale_Cap,122.10840649563828,0.33226140259608655,2.240082436559797,5.549698141481441,0.9662113563870988
Well_C,Basement,148.58380112526226,0.03434351968394404,2.5697710298091874,1100.8248843356732,0.057532312391424596
Well_B,Basement,145.42707643731526,0.05243657223702715,2.6272937477960174,1104.295240766775,0.016740497420867795
Well_B,Reservoir_2,32.5526765873697,0.21747369447633988,2.4498812783795105,457.1599764331977,0.17797485570492996
Well_C,Shale_Cap,97.16298669676488,0.3748731864325502,2.2392390448301973,5.866233757522176,0.9728119596174226
Well_B,Reservoir_2,35.989218899478836,0.19281326456679887,2.440909829526615,327.52421627001354,0.1709158398516235
Well_D,Shale_Cap,124.46669138569365,0.4171329487312391,2.2403646805781303,4.932641512547198,0.9794047966803092
Well_A,Reservoir_1,43.9467516261151,0.1739227441487527,2.3621608759137396,203.98209239902926,0.3072947875820611
Well_D,Shale_Cap,126.7581950062536,0.3798887941270386,2.2735702537959686,4.412981690736119,0.8795439369627561
Well_A,Reservoir_2,41.34408920271927,0.23839411216714532,2.445531630111821,644.0110778112949,0.1845168455110603
Well_A,Basement,142.0513364849461,0.04389142360194934,2.6751344976914906,1196.0642323356399,0.02081753702265515
Well_D,Shale_Cap,131.4806991937779,0.37305395422084314,2.279065509520851,4.305955612559464,0.8944690265054822
Well_D,Shale_Cap,119.37415472753186,0.36820215364488784,2.263973776270341,2.897531919199182,0.9155853801271286
Well_D,Transition,79.31435812296455,0.343924462843056,2.3647895937554337,39.1343698066278,0.6008804208905139
Well_D,Basement,141.65489348196724,0.052095342302627946,2.627251244835227,1631.1816640578127,0.03498634543679388
Well_C,Reservoir_1,36.98362708739985,0.23848991642493894,2.4081658795170977,262.56464161810294,0.29404722188547366
Well_B,Reservoir_2,27.561152442307296,0.24519029774972217,2.434164827354829,832.309777074937,0.1932126923403253
Well_A,Reservoir_1,43.74538234554004,0.17008936439096523,2.3875751251981123,351.4830254009589,0.19619888285375692
Well_D,Basement,147.57645990874488,0.04867863411098453,2.6442880609168573,1168.1258728546486,0.018937992922029134
Well_D,Shale_Cap,103.82561088030442,0.37797438562596936,2.238031248388379,5.899617091240939,0.9034447442093303
Well_D,Shale_Cap,112.26729687211748,0.4218639586441989,2.219762331608736,5.933363073656906,0.8814081659366492
Well_C,Basement,148.95628625980314,0.05973101561015072,2.636627217818699,1459.185048244819,0.0038456826621705285
Well_D,Shale_Cap,121.62588763668825,0.410182620268091,2.262112124652626,2.8438795624798017,0.9594108609805606
Well_D,Shale_Cap,108.12754668060532,0.37583063578919185,2.274132163097278,4.179204341104393,0.8663336540136009
Well_D,Shale_Cap,107.78265714728282,0.36030690430305473,2.2341495310576955,2.8541714179613655,0.9034487637423982
Well_B,Reservoir_2,27.129390768918157,0.2440685583357462,2.4138526043553807,837.5219606007674,0.25455996282548826
Well_C,Reservoir_2,24.010639327525812,0.21739950040932213,2.4546391100501967,356.0597764685849,0.17802849652647498
Well_D,Transition,78.35487038012485,0.26508585134280693,2.364841169613251,49.25997116018881,0.5303545785712295
Well_A,Reservoir_1,44.300610188421864,0.18745007802093921,2.4325581798650715,175.8354412411475,0.27418783187235307
Well_A,Basement,141.88075818779012,0.048927352341890586,2.6966084868925315,1539.6209254843411,0.018245678158277028
Well_A,Basement,135.5399252351739,0.04404465064816141,2.6870159923199477,1251.693723987905,0.04362111162084804
Well_C,Basement,146.08817395945184,0.03846307718660142,2.6826419989420343,990.7259274803876,0.045107889815215976
Well_C,Transition,79.59539188789414,0.26677833168865656,2.3650975619424854,35.55409182344545,0.5267287235897716
Well_A,Reservoir_2,36.70590933209985,0.23383795471746074,2.478966852895796,594.9363589707959,0.14613986077345711
Well_D,Transition,86.20087322065419,0.29905258594911127,2.3025346970996163,29.478705498554078,0.5054469036865672
Well_C,Basement,129.7826769828644,0.05047493468251643,2.652527844660409,969.9558322739558,0.05566474398452444
Well_A,Reservoir_1,31.962636592130554,0.21808425730554665,2.4243174548938193,187.6155951729986,0.28310527053636314
Well_A,Shale_Cap,124.73153721401484,0.3936044072095338,2.2561480713943936,5.337299182997594,0.9250559421585568
Well_D,Reservoir_2,27.876938747826195,0.2180674188277654,2.4819587867826485,600.2148795385478,0.14412522300220704
Well_B,Reservoir_2,28.637572019968317,0.23446541671840523,2.4051555661472945,609.076813612208,0.15600996026278485
Well_C,Transition,73.63166560946622,0.31988894751017816,2.3693801856134367,24.04411464049679,0.49460383222926346
Well_D,Reservoir_2,20.14170319570554,0.2708413930585576,2.445905598812417,780.0397837043977,0.23938230431881435
Well_A,Basement,137.341005157042,0.043331512830484364,2.6659375000202625,951.1573244584117,0.0029585392265894803
Well_A,Basement,138.35516627427816,0.045956380073099774,2.6394116259273477,1698.6845056640223,0.036622563586901524
Well_D,Transition,66.53862968208279,0.3102976719215274,2.3745977575790573,22.162615829485375,0.5830288568923528
Well_C,Basement,147.03798318658713,0.036424824601580655,2.632979858524626,1687.6050300061584,0.0014786642781793602
Well_B,Reservoir_1,36.21479957146053,0.2316011211827862,2.4288557702828015,377.45843012670383,0.30693271727661703
Well_B,Transition,81.89844189635996,0.32143859730423596,2.3236215165276404,42.05692515848917,0.6175475612841747
Well_A,Reservoir_1,44.09157071916588,0.20749651143233672,2.4269376420776982,170.38647305438454,0.2334752188000246
Well_C,Shale_Cap,124.32726814848792,0.39752338334382464,2.236633096103064,3.7075789112932105,0.9109732421633249
Well_B,Reservoir_1,41.633545971885745,0.21400919262827456,2.422178107125093,241.02975833020872,0.2530381917340866
Well_C,Shale_Cap,117.1932045593882,0.3356330447989784,2.2773940221530835,4.648928633318372,0.9429919003687877
Well_C,Shale_Cap,111.31156334305531,0.36198819294927875,2.227344300974645,2.501004924384832,0.9352162963399946
Well_A,Reservoir_1,42.614907852949244,0.20034344818386163,2.3743768317106877,180.01198758208452,0.2704918030531643
Well_B,Transition,60.15625584700433,0.28893820366171735,2.370875915172814,33.58813262043449,0.5974375071471378
Well_D,Basement,139.95640775854082,0.05500143033113884,2.6192919329090127,941.6908877256009,0.054667230083517454
Well_A,Basement,143.3389183284862,0.05551885971822154,2.680406906252529,893.8896869318264,0.05062372756261545
Well_B,Shale_Cap,104.50597837998028,0.3647728946038212,2.2324347349435305,5.026586197409595,0.9257165599954784
Well_B,Shale_Cap,120.7990956352737,0.37010069039263854,2.2400485500338156,2.736994606290697,0.8574103103817514
Well_B,Transition,87.19737615102997,0.3059315387706061,2.3880295453356393,30.089338951039444,0.5289460158330811
Well_B,Reservoir_2,33.44364001504918,0.19896975501882141,2.4532410366951694,334.1024340211726,0.22822742217219155
Well_B,Reservoir_1,49.13158093852205,0.2469872428277276,2.426862106646465,213.5293169263635,0.23229772563320214
Well_C,Shale_Cap,129.30270862027987,0.39700158664835106,2.258353615044788,5.850930335444556,0.9316851252814278
Well_A,Basement,143.93911289474923,0.06283816859853561,2.6988495675445088,1482.9495049592065,0.0500674951713658
Well_C,Transition,82.35376281872277,0.2907766053593076,2.372696940247394,41.69654913775035,0.523982688937176
Well_D,Reservoir_1,34.83286236140379,0.21571606573589466,2.393096920831477,221.19964809357296,0.24932449732549097
Well_B,Transition,82.42711186459542,0.30841399262036956,2.3326623766950187,36.52292269635545,0.607649915733448
Well_A,Reservoir_1,44.37252591232823,0.19084862089969576,2.398213355371453,337.69164794089033,0.26124215438904796
Well_B,Reservoir_1,39.248168183393496,0.19389656496514246,2.4315369628931536,276.4726306593694,0.2386566011596502
Well_A,Shale_Cap,112.3297723505058,0.35294982621118554,2.2183282322042484,5.661159761517096,0.8845391234326142
Well_C,Transition,81.30399129710239,0.31380945372243024,2.357968509795176,24.243729220734494,0.6155657744138957
Well_A,Transition,83.26210540920299,0.2986093542751546,2.3143901983508277,24.967193421932937,0.5225229064715139
Well_D,Basement,148.34688508492476,0.04822082124195602,2.632615672421105,1566.0205386318278,0.00848301325298041
Well_D,Basement,144.09005043547677,0.041021699335743705,2.645368838811538,1440.2386905946537,0.03223654042008228
Well_A,Shale_Cap,128.59466403816194,0.40360256347483053,2.272885861371199,4.514936060239972,0.8845931779098501
Well_A,Shale_Cap,119.57514558642471,0.368980363929235,2.2533603068106505,5.329564166807632,0.9789111645849596
Well_A,Reservoir_2,36.72605767305742,0.24001663182008423,2.422430523973159,677.3755940610131,0.2575946536829934
Well_A,Basement,146.4547534815557,0.043624124579240364,2.666500493568929,1669.1765117302268,0.022970003686106116
Well_D,Reservoir_1,40.179899595137194,0.18919612560368204,2.4489039014855387,273.81891429691336,0.2272445066929744
Well_B,Transition,80.96169511953393,0.3116862833287062,2.346985728382849,27.915898874721986,0.6077091531494137
Well_A,Shale_Cap,119.54087437598766,0.4078636251586981,2.266786982284632,3.0286094044363834,0.9435204602247266
Well_A,Transition,77.36489260475437,0.2939906810255859,2.319831958729316,48.45113225453659,0.5129043818336686
Well_D,Transition,80.88131347156613,0.27859616874211335,2.401571218385255,40.05361303267294,0.49504307736804715
Well_D,Reservoir_2,35.95929655194034,0.21858719139599775,2.457049372868659,831.6877763383293,0.24989772178288927
Well_C,Basement,134.6248984131975,0.06452117699182561,2.6604244779489727,972.171267789911,0.058646291052240736
Well_A,Shale_Cap,115.22870873624896,0.3740163645514513,2.2661783853878545,3.513262428661038,0.8614916057290786
Well_C,Transition,73.32435766519649,0.2764607577446006,2.4046163172382546,24.16192499939899,0.6180647516197173
Well_D,Shale_Cap,115.4688432702822,0.39663233572360806,2.2541894016729556,5.715053684821969,0.914576645640778
Well_D,Reservoir_1,36.092795697108194,0.20623477329827386,2.4338622589170207,344.2317218996345,0.2778247284743801
Well_B,Reservoir_2,29.701716138635014,0.20840315104437027,2.427728247892744,511.61629951436703,0.20417593595374312
Well_A,Reservoir_1,43.17744564400032,0.20983773596776498,2.413161784506464,372.17475684972413,0.24184807420799412
Well_C,Shale_Cap,123.37424059400696,0.4062038381616179,2.2456807895929956,4.4172176792859155,0.9319024284804476
Well_D,Shale_Cap,127.4998199400554,0.35815716813142534,2.2449264784491523,2.374237627649342,0.8521673015779523
Well_D,Basement,139.92901176730123,0.05489254535076328,2.680590606650436,1138.0145017786526,0.030362681544710193
Well_C,Transition,71.28885860779411,0.3288389001160378,2.3346287727796993,23.323417749421864,0.4812066603628492
Well_B,Transition,78.44691151875598,0.29380700572023877,2.3843808272504026,18.276136195437118,0.5391761267520396
Well_D,Reservoir_1,24.974961351615725,0.20092727224816634,2.444524530912713,350.3769936411778,0.21796227572762017
Well_A,Reservoir_2,33.78126394353042,0.25523038505071033,2.42665621830445,652.8561462218547,0.23959275118549322
Well_D,Transition,72.13624880700993,0.2691012530664648,2.333820849566102,50.079429455692214,0.5736975608451169
Well_A,Basement,137.92461608084227,0.02085744010183059,2.6756966955721113,1172.8682594885997,0.05973871060046095
Well_C,Reservoir_1,34.67807586033614,0.16965322403755176,2.353353481500317,307.12146472677466,0.3000107203742496
Well_A,Reservoir_1,40.64606171572649,0.2377804872592552,2.4227464936604615,288.0154326623247,0.21307789273412206
Well_C,Basement,151.6978002563315,0.03383286625051986,2.653118530044336,1673.3579348664894,0.020124408809780815
Well_A,Reservoir_2,32.22781940570949,0.24246814276559833,2.454068802662778,388.5717269923515,0.18509854628095293
Well_C,Basement,154.92957206429884,0.05246083615316409,2.6359315991858137,1252.186775680395,0.046679098294256205
Well_A,Reservoir_2,29.17211816063005,0.22057368557697765,2.454368348469433,696.5235619565783,0.19027083497515024
Well_B,Basement,141.0535181006111,0.0414383015933825,2.66106698222099,1736.1183067385018,0.03998443828169514
Well_A,Basement,145.91383690966137,0.03368664889582927,2.6744078150421777,1070.9090162850375,0.04305368295891214
Well_A,Shale_Cap,111.5591385961564,0.3938553806369772,2.272116661325894,4.45799784102077,0.9660209822137615
Well_B,Reservoir_1,40.6121943424218,0.1984716084733031,2.4394206938163423,338.0285426090612,0.21544974849728532
Well_D,Basement,137.80302867899414,0.04203863196813505,2.6314980950760165,1220.0145504334414,0.014059503939031607
Well_D,Basement,141.50370985662104,0.05243091727660699,2.688539187328985,981.9474703240028,0.009579980962029043
Well_A,Transition,82.21518338932636,0.3102031493783037,2.3881771048878573,19.659840632225528,0.5671565786647195
Well_B,Reservoir_1,36.04280399348673,0.18109589471175547,2.4233253934408707,264.09272297835594,0.30365835232076255
Well_A,Transition,82.62382818911645,0.328138694917835,2.3354764451624557,35.903458788877586,0.6056545257130918
Well_C,Reservoir_1,38.349895411923974,0.2218506061463552,2.41819272237368,235.17908695807927,0.30427120940347885
Well_C,Transition,80.8557820741354,0.34776743985740877,2.3855276993558854,41.870553082133426,0.48237567810416526
Well_A,Basement,146.33696136991307,0.05111799158203389,2.6902147160179,861.9530831127221,0.032520917908783566
Well_D,Basement,145.1079686583487,0.049190826623373124,2.5648872279236583,914.9918668016692,0.04106612166415845
Well_D,Shale_Cap,132.74135998626306,0.3803868814162351,2.226220731609301,4.593027816311288,0.8724102270736716
Well_A,Transition,77.60095876697505,0.3058189472867897,2.378735188933248,23.816543691607308,0.614727328047369
Well_A,Reservoir_2,28.045591041527175,0.23068016192456295,2.4126995640914672,745.9575294949702,0.2381386488279429
Well_C,Shale_Cap,125.61195825539771,0.38003238062713884,2.258295457815776,3.8198275189109485,0.9479518287080425
Well_D,Transition,79.10916146968067,0.2782774740163718,2.32395217115205,33.4654111637558,0.5994598717994083
Well_A,Transition,78.78250634474647,0.2952816694137575,2.3377934426648688,50.36634431449776,0.49804636191028984
Well_C,Shale_Cap,115.72194663324541,0.38589942911417646,2.220054847096427,5.155655851863468,0.8803797583472972
Well_D,Basement,149.68563746000035,0.03730001402606124,2.680065203916387,1492.2942548009385,0.05242068207364493
Well_B,Transition,70.04457182560166,0.30499096379196156,2.3145083144579686,43.91287188806307,0.5862415388185129
Well_C,Basement,140.4834204694229,0.05015182942540433,2.630755802722315,1583.1625504233255,0.05616978249305979
Well_D,Shale_Cap,125.16470169739355,0.3803876247539605,2.2035936880353915,5.392812514211582,0.9140877523595515
Well_D,Basement,146.6957789578991,0.03904729481157196,2.56469888560412,1612.1065016827708,0.049916492501283126
Well_C,Reservoir_1,31.855970234361287,0.19043000908266786,2.465104354874398,221.9676747632792,0.28527461016587086
Well_B,Reservoir_2,30.471946929230985,0.18819394202293688,2.436594835064082,376.615126270915,0.16866141924843284
Well_C,Transition,77.08287331594886,0.30528536543291274,2.3454964914623857,29.3622465043292,0.4849222950379672
Well_D,Reservoir_2,25.67996916026318,0.2397236958312388,2.4010125648935516,612.4075571705825,0.18278707054122667
Well_A,Basement,145.04212163281215,0.04942604634925964,2.618136544857348,1069.120339660084,0.02746587676224805
Well_A,Transition,72.3367124746074,0.28521942683953533,2.3695699101453003,44.243956704208415,0.48296097526891824
Well_C,Basement,150.5638321857353,0.0458056524734145,2.6826946506294833,1034.4813095433196,0.044519723467570334
Well_D,Reservoir_1,30.515639576475195,0.2161469123341594,2.405044951635206,251.6576027381345,0.2767220289369384
Well_A,Shale_Cap,125.02085038049465,0.37440985073406935,2.246833890439807,3.972120500635209,0.860651997074959
Well_D,Transition,76.52916885472632,0.29874703555756355,2.357237207452202,52.16158277751562,0.5562754545942804
Well_C,Reservoir_1,47.541051696284214,0.18898753356344397,2.4273754500118154,173.5261763076562,0.20363752464360632
Well_A,Reservoir_1,34.881981437340876,0.2217571177627547,2.4223947756940576,292.5287795749267,0.22600804994865278
Well_D,Transition,74.25203109311748,0.28482469484129247,2.39052556992097,37.96748618941664,0.49084770771776753
Well_A,Basement,138.0779251561755,0.05685589746298417,2.6557505424196965,1423.6622330882994,0.048109553992530904
Well_C,Reservoir_1,28.930732081611417,0.19941066072985983,2.398763158012966,293.18774660782776,0.24848497695054939
Well_D,Reservoir_2,34.39680476714711,0.24062052189788422,2.4429775360783537,627.2788641341142,0.20482607201343422
Well_A,Reservoir_1,47.22447986753042,0.22897626192943238,2.4126138004892876,200.2443690599891,0.22614107043968307
Well_C,Basement,141.1508454797983,0.043129859003005026,2.6194833210697106,1079.1973893009656,0.02933705558630712
Well_A,Basement,143.14549914486227,0.049636693919576584,2.664408058951601,899.0583496723476,0.0501863842425674
Well_A,Reservoir_2,29.38934214990004,0.2915372074036101,2.467202318003606,617.6450890874629,0.1604976447567453
Well_B,Reservoir_1,38.35196314237606,0.18971040546585172,2.3831985585775213,190.24624905464793,0.30641402637021187
Well_B,Basement,144.5933001445555,0.043186197649304266,2.6890347807207564,972.0639544065821,0.008737718802325404
Well_C,Transition,85.95025771624351,0.327478287704229,2.324428397017777,27.007376820320196,0.5979071223222361
Well_B,Shale_Cap,123.80292488553609,0.3645645608521425,2.2821904133155195,5.680160210183614,0.934533159242176
Well_C,Shale_Cap,113.42339190537658,0.3556143106695561,2.2386110045101577,3.9860616889224194,0.8660314038397879
Well_B,Shale_Cap,119.00782890088003,0.34622989623863,2.2275990515506026,5.091360333706014,0.954412166512255
Well_A,Reservoir_1,39.648739407678804,0.18964471381846093,2.3894519289694798,367.5979113133095,0.2748673994002508
Well_C,Reservoir_2,30.13365877029343,0.22006936529036064,2.416930151480304,376.0766631739525,0.21538479165116528
Well_C,Basement,138.89048416683278,0.06325276090437038,2.6848134628569733,1348.6893523562435,0.01046990918387731
Well_A,Transition,79.26379449801162,0.32125314581575054,2.338730990027034,41.83588159161586,0.5711014138067321
Well_C,Transition,91.30986265714779,0.3061048625306271,2.3676217509941804,24.171131401795943,0.591638877551833
Well_C,Reservoir_1,50.48512372998654,0.20102914326944277,2.414771099075475,280.5905544153378,0.21087728794261643
Well_B,Shale_Cap,128.77237694584204,0.3361749229766944,2.2806896420358904,5.34516525240984,0.8780101779458449
Well_C,Reservoir_1,48.73424531221896,0.2100629545381265,2.434599807368774,415.16957047972653,0.2016852074929605
Well_D,Reservoir_2,36.91341571384971,0.20199858553633981,2.4517452482692836,354.7818267342433,0.20592941984731578
Well_A,Reservoir_2,30.97186073178376,0.2649627413824167,2.4608012363980514,455.50309836586166,0.18374797130238374
Well_B,Basement,139.68596421413292,0.05434502646091306,2.6672061753183867,1535.9687600746738,0.04281644197580829
Well_B,Basement,149.51879694860946,0.05326855400610438,2.6183210380936703,1630.9508375245832,0.02592697420811576
Well_D,Reservoir_2,31.74238535737677,0.24006180737247496,2.433625033695077,824.4022753869847,0.17836650192078252
Well_A,Reservoir_2,26.850940757290775,0.21688624561077113,2.4352857751028667,704.0156918541736,0.17738147588167835
Well_A,Reservoir_2,30.52772121205983,0.25905511090252364,2.470574957010818,522.6525654626628,0.19317528143874976
Well_B,Reservoir_1,41.51372421166954,0.18055925853946417,2.382523303502027,296.7461099943795,0.28705593334013807
Well_C,Reservoir_2,33.94802262045994,0.18559157982129748,2.416040671415655,467.08708659826806,0.2520095752428146
Well_B,Transition,85.0966382115703,0.31129684717200246,2.3990739341840746,41.96564201356264,0.48410192203447855
Well_A,Shale_Cap,121.54077534985043,0.42784219270547985,2.2080128747116197,2.3258955908517676,0.8751341003695667
Well_D,Reservoir_2,35.41611507394404,0.22770395502481874,2.4513354345236835,567.342072590358,0.1463251747824127
Well_B,Shale_Cap,125.69128463572396,0.44225820402087684,2.2661607237880412,2.6729463164339675,0.8746915166759326
Well_A,Reservoir_1,36.91160641181695,0.17408713654739968,2.4033981961659716,224.34037512061803,0.26742851734639983
Well_B,Shale_Cap,128.38786120840473,0.3897554964216868,2.235315333560579,3.0946655396858307,0.9774007102155862
Well_C,Reservoir_1,41.15082217597291,0.24196643615282065,2.4246709562701176,161.91303570260777,0.2521846878619025
Well_B,Transition,78.61287256361328,0.2897647288411539,2.2868575148284296,52.96563248719428,0.5743053764795373
Well_B,Reservoir_1,54.25306746320838,0.2088418450024618,2.3952976639855086,222.46370480071903,0.2463765185738418
Well_A,Reservoir_1,55.66251898831983,0.18530976003155208,2.3893606743230564,290.9670529933886,0.28962434612149146
Well_A,Basement,139.35844477368158,0.03763864203969538,2.6976301508227203,1691.9707204829715,0.05473245427495093
Well_A,Reservoir_2,35.65500313392741,0.24076869914432905,2.4543146848234167,334.75575716917075,0.16959877362137335
Well_B,Reservoir_2,43.97180950291225,0.27370189790072225,2.4262656931399342,615.3434716587576,0.22911631876180288
Well_C,Transition,81.992766529102,0.26615458336713343,2.344888427038354,45.75595081932023,0.5770761194800662
Well_D,Transition,71.49741127730748,0.25851027297967377,2.349338954079872,34.30231522018947,0.5999730181817143
Well_D,Reservoir_2,35.64531822501182,0.23702330935254168,2.4468332046390526,351.67400531454376,0.2466319136524583
Well_A,Basement,140.3721101315902,0.037834191958642904,2.6263540955772493,1310.8797190287976,0.0564414112633939
Well_A,Reservoir_2,31.307438776963878,0.22152219915355295,2.433896223090385,425.55315572644554,0.19097530175976943
Well_B,Basement,148.28147076692883,0.057436517755401734,2.6538537000840585,1535.7409381687874,0.03030693334464038
Well_D,Transition,77.83551554119595,0.3057836734623745,2.3146322952610503,53.059909673989594,0.5873588456944883
Well_A,Shale_Cap,118.24264438119232,0.39219052090417206,2.218892525323175,4.885796628438288,0.9723662607578837
Well_C,Transition,78.33029964469951,0.3207431779731649,2.3600331554454557,38.45004393168499,0.4960638741673469
Well_C,Transition,89.82457518685155,0.30168933572779894,2.3179223651873477,27.947877164223243,0.4829451663444656
Well_A,Reservoir_1,47.737770012548076,0.25649346611705637,2.4096598785103236,176.5363734582273,0.2562025561367754
Well_A,Reservoir_1,45.0301265296426,0.17358479444395966,2.3958845303380927,395.72985720751973,0.21294905548913456
Well_D,Reservoir_1,33.64824971428961,0.24408204156118235,2.4076978061215355,228.9594158506954,0.27233093847321843
Well_D,Reservoir_1,39.92448402571698,0.19466271923990894,2.4113614453849728,402.84857769396626,0.2819621536668868
Well_B,Basement,148.17261394854089,0.05501685045168789,2.6674497542754767,1492.5621530782944,0.05547951657493481
Well_D,Reservoir_2,32.39058867618008,0.2094005545044613,2.440921584432663,599.934192354199,0.1552247393675712
Well_C,Shale_Cap,116.15481646809407,0.4307876324556572,2.2492021123249657,5.802014246356539,0.8998691752461706
Well_C,Transition,66.76608346990729,0.33346727892305045,2.3323164280018385,40.34033201958637,0.5218496610137666
Well_A,Basement,133.71640776460208,0.04563844558492515,2.6522713854346702,1049.6015427401917,0.04682826830280929
Well_D,Shale_Cap,119.44293237359913,0.3745254149566648,2.2497145929410123,2.3390646177053327,0.9549913630431868
Well_B,Basement,142.89758774511273,0.05097827174707923,2.6730801732566776,897.0995715705966,0.04697091707919945
Well_C,Basement,147.06303705785044,0.05392634115650968,2.673607565705277,1307.6311317772233,0.0139741103189689
Well_C,Transition,81.83606038401287,0.314578823891409,2.329229476772986,47.32397140198945,0.5061670215030165
Well_B,Reservoir_2,28.704803625556774,0.2506776210984842,2.431850797854168,613.9488603419068,0.2481957475383632
Well_B,Reservoir_1,41.25428533702538,0.2057723154036406,2.4249322272920435,279.5849073364303,0.26283677395291183
Well_C,Reservoir_2,33.62788908393535,0.24036203404059953,2.4294159798037698,832.683899017339,0.1722318719497517
Well_C,Transition,71.04570410409085,0.29978265725930053,2.354120574382211,23.344149913737873,0.5418892698365305
Well_B,Transition,101.34538844048075,0.3054602143498877,2.287760798873609,39.669210410865574,0.4811893810050093
Well_C,Transition,84.35680306356169,0.3194724449885569,2.334892911432769,45.93250397204686,0.6137245224669385
Well_A,Shale_Cap,118.79508788296053,0.3646775833877866,2.2274387489038463,2.73525155792726,0.9250016960348292
Well_A,Reservoir_2,29.926865497140685,0.21009652080201527,2.450993663725805,524.8251590938057,0.19042995221690504
Well_B,Reservoir_2,41.00715049633244,0.22750226229299866,2.440313955919155,361.61023028041325,0.2457509681315614
Well_D,Basement,143.3119558405438,0.045536794847656555,2.6539808210352374,1183.442293353563,0.03413528435068298
Well_B,Basement,144.20506246324362,0.04631060560968538,2.666414263818232,1452.2387399813656,0.024618223312359723
Well_B,Basement,138.1875407186276,0.049587073129927176,2.676680662905269,1258.5629497430737,0.01809973449786893
Well_D,Transition,73.26972168958484,0.3205888111185408,2.339893146196446,45.7129636439834,0.5181241556053515
Well_D,Reservoir_2,30.346125519884737,0.21979678372699565,2.442989121793266,602.744510634735,0.2115672319630954
Well_D,Transition,84.1660016769503,0.3231967993277669,2.3348210140303642,37.36159122410925,0.49634470638763134
Well_A,Shale_Cap,120.85735932207677,0.35842974517270804,2.2464941094019197,5.478164675436873,0.9493324262552543
Well_C,Basement,144.3959056103148,0.05290964730137443,2.6447897402218983,1029.702764236582,0.022276255230323627
Well_A,Transition,92.27820031348077,0.30026900729238587,2.3432544083261546,35.947697638279735,0.5557157889560156
Well_C,Transition,70.56966334838033,0.2914230414878785,2.3624751050885817,47.889763717585026,0.5770029798775314
Well_A,Shale_Cap,134.4608680621541,0.39012315310921425,2.2288793840006664,4.663060961061469,0.9182073998691309
Well_C,Reservoir_1,40.45832924926931,0.18204389043151406,2.4340515301045045,395.7853101083573,0.2604843842290692
Well_A,Reservoir_2,31.49002641682034,0.2131513473974735,2.4550174555880266,582.1364379647921,0.24736970849975615
Well_D,Reservoir_1,45.926586162633726,0.198003559533603,2.3788242600995235,393.63519674793224,0.29755080597658945
Well_B,Basement,146.91623960883643,0.054238894824439866,2.6310265210140815,1065.4328527078417,0.025078110480833225
Well_A,Transition,73.691410613627,0.2836463520678973,2.3159850892958094,22.994203984650756,0.5214647471782597
Well_C,Shale_Cap,106.983960633066,0.42045180461138965,2.2750508146205846,5.574039885573272,0.9483825989773116
Well_D,Shale_Cap,113.76784462784012,0.40382171709546955,2.2336278994667986,2.607920729896205,0.8669413384518678
Well_A,Reservoir_2,37.46053391991213,0.21904189391586132,2.4132827519166278,614.3067874239362,0.20330955469104206
Well_A,Reservoir_1,46.34481935588698,0.18600549469819572,2.4239783937016157,384.7447766705434,0.22712422744960153
Well_D,Reservoir_2,24.647552243843748,0.20474460448602871,2.4244825035366704,738.7696280748373,0.16613369621210825
Well_A,Transition,78.63171236534468,0.3205378923651583,2.367987326237361,38.78944738093598,0.583723648941078
Well_B,Reservoir_2,25.915516448299165,0.2572675302707668,2.42789687528788,622.7428464083041,0.22944772869698477
Well_A,Shale_Cap,127.28334799748455,0.350076823736707,2.231635756669804,3.837384040691291,0.95633525426539
Well_B,Shale_Cap,120.63658827953732,0.3951764883232722,2.2639264572416065,2.3941874056517696,0.8801702151226014
Well_B,Basement,143.67279887431278,0.05857898825291343,2.676607085932034,1621.32612549752,0.024906430611295955
Well_D,Basement,141.2257953092213,0.04148337825665607,2.6372308790329,1545.0408011537552,0.004531625161553212
Well_A,Transition,70.17007330952187,0.2945517996679262,2.387011728350086,40.05436545072202,0.49255131237299504
Well_D,Reservoir_1,38.05986392623552,0.20479381917457123,2.379799175760295,402.6983273649616,0.2313515914872366
Well_A,Reservoir_2,30.897308854217314,0.23446561826510742,2.416032157500959,820.2002837827525,0.14045963486003873
Well_A,Transition,86.67358595234835,0.3042060608044399,2.355951805515325,43.129352882905735,0.4903704870094627
Well_C,Basement,141.94490587968917,0.05475588435928583,2.6075931292596337,1123.8768326387778,0.005187450427209139
Well_A,Reservoir_2,33.28085302847139,0.25386622011854254,2.424565183708064,406.9537017806276,0.17422239152120575
Well_D,Basement,139.01222891909293,0.04652813504887738,2.6831240665996394,951.5564900651959,0.05220149553120994
Well_B,Reservoir_2,26.730822523178272,0.23855628790305808,2.405961955399633,710.5011214164044,0.19440994767491218
Well_A,Reservoir_1,38.63197202134676,0.20450395390494625,2.3659751305309817,290.81472423456313,0.2279122986862764
Well_C,Transition,82.91016684631927,0.30750911715254503,2.35502710317403,48.55786437779214,0.5224905472807133
Well_D,Reservoir_2,37.811297987528334,0.19735970229947167,2.4219010433412387,567.7152877874005,0.17426955394863639
Well_A,Shale_Cap,119.62991026186926,0.3822820298445304,2.2512376670577425,2.2283963137807055,0.8643706116201154
Well_D,Shale_Cap,112.57957335350618,0.37619518311173566,2.220051066627885,3.7330037292361116,0.9539599420603628
Well_C,Reservoir_2,29.555569404781544,0.26177880656888164,2.4151550693290154,730.2173962658248,0.1462486887465524
Well_C,Reservoir_2,26.372064429840155,0.20807559350262872,2.4386425723660103,444.84994533508564,0.25190047437168595
Well_D,Reservoir_2,34.15815814818799,0.2447935093623567,2.4914399063498993,836.879603700498,0.2558924532661145
Well_A,Shale_Cap,102.00454036639388,0.39217471178248836,2.2388573885485554,2.788970664668067,0.8777598721249137
Well_B,Shale_Cap,112.72984263353621,0.41369049669206903,2.266845946540278,5.61645464191802,0.8703487977440464
Well_C,Reservoir_2,32.115979892786875,0.25702031504974,2.4097494206940224,404.4792889288432,0.25616266064548865
Well_A,Basement,134.01576921201445,0.028220322678053123,2.6390175637963016,1054.0827556604643,0.05588942321513556
Well_A,Basement,142.97019116022852,0.05102858577932334,2.6644802573317965,867.461121056394,0.019620406109766127
Well_B,Reservoir_1,33.53365901360351,0.22606309485228043,2.4147925503647802,178.69574650227585,0.2990806706602844
Well_C,Transition,83.86443425172799,0.26214475644819896,2.359344725763934,32.535045829811885,0.5051511705137478
Well_C,Basement,145.2061893918183,0.050910936062559135,2.6344538006066207,1408.0012001296675,0.02041337966707542
Well_A,Shale_Cap,120.05018524947535,0.37589431961007497,2.2723709988851066,2.7713584357689824,0.8748437309498488
Well_A,Basement,137.41487928017293,0.05876173931693075,2.638717065280146,1139.5177318311785,0.027929218346381963
Well_B,Reservoir_1,45.86757259449106,0.19859371864427067,2.3864178357127432,198.8438409979808,0.2511982095176197
Well_B,Reservoir_1,47.5558506042877,0.20817848279293943,2.4064480801048256,287.85186518493725,0.297548349897536
Well_C,Transition,83.24713710230066,0.2845759940090142,2.296780911516636,26.499502496279575,0.5079400262254314
Well_D,Basement,142.6423447179538,0.04654853118861973,2.680637989161543,1616.340263481892,0.028983974711598158
Well_C,Shale_Cap,115.09613382983449,0.3868365042790993,2.2487992491662285,2.8022586383522796,0.8779967067710991
Well_A,Shale_Cap,113.19509397638441,0.369179862684342,2.2651133167748863,4.461391362514297,0.9035530513195943
Well_C,Reservoir_2,30.890558643538657,0.23639930382290328,2.4118611319897365,646.242890292385,0.1447469007875136
Well_D,Shale_Cap,133.63673674637903,0.3578377508348226,2.269520814387119,3.282252897443698,0.8621576160677282
Well_B,Transition,89.19589141577875,0.2792738150525246,2.3438961657675907,53.06207536526468,0.546523921243168
Well_D,Transition,86.72146776816358,0.28503807870756703,2.2909802480732204,48.04280646845966,0.6014013011401571
Well_D,Shale_Cap,119.83004176579006,0.37346653504981914,2.2524950419932788,4.265291520666128,0.9492283385596466
Well_D,Shale_Cap,117.01305259997532,0.3699960436580801,2.2466029528464455,3.7870886353584274,0.8509225492243353
Well_B,Reservoir_2,40.1836998091532,0.22035372858127394,2.461979667148839,606.6057845892877,0.22127608236027912
Well_D,Shale_Cap,120.6621832302834,0.3807356566634847,2.202313864224285,5.814814505966831,0.9334743305533177
Well_D,Reservoir_2,35.725754321424084,0.2157707561183259,2.432310862420458,766.5538857765462,0.1834617923352982
Well_D,Reservoir_2,30.106200816984533,0.271653206442196,2.448617248380301,352.16202654386166,0.18960109518454307
Well_A,Shale_Cap,109.79453872003415,0.3361123506035995,2.281989418802276,4.994688701003963,0.9576302440908906
Well_D,Reservoir_1,42.99242196179823,0.18235964862615123,2.4003276572088916,271.65645324046267,0.2464847136779125
Well_B,Reservoir_1,47.05068464870408,0.20545787984438146,2.4071648489194493,401.41201550538244,0.25956845379277266
Well_D,Reservoir_2,35.188029061156044,0.23517539610487845,2.463910627761734,340.56371100631037,0.16241270338773553
Well_D,Shale_Cap,107.84824175349348,0.3900916362895478,2.262530767266739,3.4025707658285875,0.8989853816106476
Well_B,Reservoir_1,37.524347241146394,0.19676917114969417,2.4250683892700486,232.7152027020752,0.21298255864601778
Well_D,Shale_Cap,115.08368973047124,0.40237264668308426,2.250260867487539,2.9653988153499995,0.8602097115630638
Well_B,Shale_Cap,130.33648267461217,0.36501656546793515,2.276310165818802,5.838368590436936,0.9530461219777102
Well_D,Shale_Cap,121.68397039137203,0.3767916123604931,2.3000180099586855,2.1602763453930667,0.9779618572458253
Well_B,Basement,135.6661630612084,0.04646314240432994,2.6230270628250802,1377.2004438379429,0.03520607447067547
Well_D,Shale_Cap,127.61969576428936,0.4044789750629201,2.2460475906440807,3.059868246221772,0.9083222369103054
Well_D,Basement,154.21524121109076,0.05468978078148468,2.6452412928539157,1431.4422496869365,0.009036657184111146
Well_A,Reservoir_2,38.640284444934835,0.22654741731418332,2.452773542797606,706.6463536475123,0.14244092982586132
Well_A,Reservoir_1,41.61855876488327,0.1809814421777755,2.411511527453401,401.76632539640855,0.24805562758993555
Well_D,Reservoir_1,48.29318485125217,0.18908941028651893,2.409474784134603,368.69062347957714,0.2196358494960475
Well_D,Reservoir_1,42.18894937357197,0.22380147352673224,2.4317542085231576,194.06380084912107,0.2621148633996997
Well_C,Reservoir_1,46.14971145072833,0.20994427778666197,2.3993381919596835,200.25909722125914,0.21195075111545017
